"location_id","location","disease","time","age_group_id","age_group","age","is_filled","gender_id","gender","measure_id","measure","mean","lower","upper"
8263,"Wales","Low back pain",2021,6,"5-9 years",5,TRUE,1,"Male",5,"prevalence",0.007318993899,0.004385732952,0.0107943288749999
8263,"Wales","Low back pain",2021,6,"5-9 years",5,TRUE,1,"Male",6,"incidence",0.006520690476,0.0039222491717296,0.009701323589
8263,"Wales","Low back pain",2021,6,"5-9 years",5,TRUE,1,"Male",15,"mortality",0,0,0
8263,"Wales","Low back pain",2021,6,"5-9 years",5,TRUE,1,"Male",7,"remission",0,0,0
8263,"Wales","Low back pain",2021,6,"5-9 years",6,TRUE,1,"Male",5,"prevalence",0.007318993899,0.004385732952,0.0107943288749999
8263,"Wales","Low back pain",2021,6,"5-9 years",6,TRUE,1,"Male",6,"incidence",0.006520690476,0.0039222491717296,0.009701323589
8263,"Wales","Low back pain",2021,6,"5-9 years",6,TRUE,1,"Male",15,"mortality",0,0,0
8263,"Wales","Low back pain",2021,6,"5-9 years",6,TRUE,1,"Male",7,"remission",0,0,0
8263,"Wales","Low back pain",2021,6,"5-9 years",7,TRUE,1,"Male",5,"prevalence",0.007318993899,0.004385732952,0.0107943288749999
8263,"Wales","Low back pain",2021,6,"5-9 years",7,TRUE,1,"Male",6,"incidence",0.006520690476,0.0039222491717296,0.009701323589
8263,"Wales","Low back pain",2021,6,"5-9 years",7,TRUE,1,"Male",15,"mortality",0,0,0
8263,"Wales","Low back pain",2021,6,"5-9 years",7,TRUE,1,"Male",7,"remission",0,0,0
8263,"Wales","Low back pain",2021,6,"5-9 years",8,TRUE,1,"Male",5,"prevalence",0.007318993899,0.004385732952,0.0107943288749999
8263,"Wales","Low back pain",2021,6,"5-9 years",8,TRUE,1,"Male",6,"incidence",0.006520690476,0.0039222491717296,0.009701323589
8263,"Wales","Low back pain",2021,6,"5-9 years",8,TRUE,1,"Male",15,"mortality",0,0,0
8263,"Wales","Low back pain",2021,6,"5-9 years",8,TRUE,1,"Male",7,"remission",0,0,0
8263,"Wales","Low back pain",2021,6,"5-9 years",9,TRUE,1,"Male",5,"prevalence",0.007318993899,0.004385732952,0.0107943288749999
8263,"Wales","Low back pain",2021,6,"5-9 years",9,TRUE,1,"Male",6,"incidence",0.006520690476,0.0039222491717296,0.009701323589
8263,"Wales","Low back pain",2021,6,"5-9 years",9,TRUE,1,"Male",15,"mortality",0,0,0
8263,"Wales","Low back pain",2021,6,"5-9 years",9,TRUE,1,"Male",7,"remission",0,0,0
8263,"Wales","Low back pain",2021,6,"5-9 years",5,TRUE,2,"Female",5,"prevalence",0.009258214119,0.00581434065,0.01383113035
8263,"Wales","Low back pain",2021,6,"5-9 years",5,TRUE,2,"Female",6,"incidence",0.0084163587502253,0.005241715668,0.01248008837
8263,"Wales","Low back pain",2021,6,"5-9 years",5,TRUE,2,"Female",15,"mortality",0,0,0
8263,"Wales","Low back pain",2021,6,"5-9 years",5,TRUE,2,"Female",7,"remission",0,0,0
8263,"Wales","Low back pain",2021,6,"5-9 years",6,TRUE,2,"Female",5,"prevalence",0.009258214119,0.00581434065,0.01383113035
8263,"Wales","Low back pain",2021,6,"5-9 years",6,TRUE,2,"Female",6,"incidence",0.0084163587502253,0.005241715668,0.01248008837
8263,"Wales","Low back pain",2021,6,"5-9 years",6,TRUE,2,"Female",15,"mortality",0,0,0
8263,"Wales","Low back pain",2021,6,"5-9 years",6,TRUE,2,"Female",7,"remission",0,0,0
8263,"Wales","Low back pain",2021,6,"5-9 years",7,TRUE,2,"Female",5,"prevalence",0.009258214119,0.00581434065,0.01383113035
8263,"Wales","Low back pain",2021,6,"5-9 years",7,TRUE,2,"Female",6,"incidence",0.0084163587502253,0.005241715668,0.01248008837
8263,"Wales","Low back pain",2021,6,"5-9 years",7,TRUE,2,"Female",15,"mortality",0,0,0
8263,"Wales","Low back pain",2021,6,"5-9 years",7,TRUE,2,"Female",7,"remission",0,0,0
8263,"Wales","Low back pain",2021,6,"5-9 years",8,TRUE,2,"Female",5,"prevalence",0.009258214119,0.00581434065,0.01383113035
8263,"Wales","Low back pain",2021,6,"5-9 years",8,TRUE,2,"Female",6,"incidence",0.0084163587502253,0.005241715668,0.01248008837
8263,"Wales","Low back pain",2021,6,"5-9 years",8,TRUE,2,"Female",15,"mortality",0,0,0
8263,"Wales","Low back pain",2021,6,"5-9 years",8,TRUE,2,"Female",7,"remission",0,0,0
8263,"Wales","Low back pain",2021,6,"5-9 years",9,TRUE,2,"Female",5,"prevalence",0.009258214119,0.00581434065,0.01383113035
8263,"Wales","Low back pain",2021,6,"5-9 years",9,TRUE,2,"Female",6,"incidence",0.0084163587502253,0.005241715668,0.01248008837
8263,"Wales","Low back pain",2021,6,"5-9 years",9,TRUE,2,"Female",15,"mortality",0,0,0
8263,"Wales","Low back pain",2021,6,"5-9 years",9,TRUE,2,"Female",7,"remission",0,0,0
8263,"Wales","Low back pain",2021,7,"10-14 years",10,TRUE,1,"Male",5,"prevalence",0.0338123429,0.0253736426,0.04441491158
8263,"Wales","Low back pain",2021,7,"10-14 years",10,TRUE,1,"Male",6,"incidence",0.0181977573430351,0.01323231412,0.0244428365161837
8263,"Wales","Low back pain",2021,7,"10-14 years",10,TRUE,1,"Male",15,"mortality",0,0,0
8263,"Wales","Low back pain",2021,7,"10-14 years",10,TRUE,1,"Male",7,"remission",0,0,0
8263,"Wales","Low back pain",2021,7,"10-14 years",11,TRUE,1,"Male",5,"prevalence",0.0338123429,0.0253736426,0.04441491158
8263,"Wales","Low back pain",2021,7,"10-14 years",11,TRUE,1,"Male",6,"incidence",0.0181977573430351,0.01323231412,0.0244428365161837
8263,"Wales","Low back pain",2021,7,"10-14 years",11,TRUE,1,"Male",15,"mortality",0,0,0
8263,"Wales","Low back pain",2021,7,"10-14 years",11,TRUE,1,"Male",7,"remission",0,0,0
8263,"Wales","Low back pain",2021,7,"10-14 years",12,TRUE,1,"Male",5,"prevalence",0.0338123429,0.0253736426,0.04441491158
8263,"Wales","Low back pain",2021,7,"10-14 years",12,TRUE,1,"Male",6,"incidence",0.0181977573430351,0.01323231412,0.0244428365161837
8263,"Wales","Low back pain",2021,7,"10-14 years",12,TRUE,1,"Male",15,"mortality",0,0,0
8263,"Wales","Low back pain",2021,7,"10-14 years",12,TRUE,1,"Male",7,"remission",0,0,0
8263,"Wales","Low back pain",2021,7,"10-14 years",13,TRUE,1,"Male",5,"prevalence",0.0338123429,0.0253736426,0.04441491158
8263,"Wales","Low back pain",2021,7,"10-14 years",13,TRUE,1,"Male",6,"incidence",0.0181977573430351,0.01323231412,0.0244428365161837
8263,"Wales","Low back pain",2021,7,"10-14 years",13,TRUE,1,"Male",15,"mortality",0,0,0
8263,"Wales","Low back pain",2021,7,"10-14 years",13,TRUE,1,"Male",7,"remission",0,0,0
8263,"Wales","Low back pain",2021,7,"10-14 years",14,TRUE,1,"Male",5,"prevalence",0.0338123429,0.0253736426,0.04441491158
8263,"Wales","Low back pain",2021,7,"10-14 years",14,TRUE,1,"Male",6,"incidence",0.0181977573430351,0.01323231412,0.0244428365161837
8263,"Wales","Low back pain",2021,7,"10-14 years",14,TRUE,1,"Male",15,"mortality",0,0,0
8263,"Wales","Low back pain",2021,7,"10-14 years",14,TRUE,1,"Male",7,"remission",0,0,0
8263,"Wales","Low back pain",2021,7,"10-14 years",10,TRUE,2,"Female",5,"prevalence",0.042497888042,0.03207475513,0.0554439097
8263,"Wales","Low back pain",2021,7,"10-14 years",10,TRUE,2,"Female",6,"incidence",0.02342005385,0.0167252692,0.0318751247209972
8263,"Wales","Low back pain",2021,7,"10-14 years",10,TRUE,2,"Female",15,"mortality",0,0,0
8263,"Wales","Low back pain",2021,7,"10-14 years",10,TRUE,2,"Female",7,"remission",0,0,0
8263,"Wales","Low back pain",2021,7,"10-14 years",11,TRUE,2,"Female",5,"prevalence",0.042497888042,0.03207475513,0.0554439097
8263,"Wales","Low back pain",2021,7,"10-14 years",11,TRUE,2,"Female",6,"incidence",0.02342005385,0.0167252692,0.0318751247209972
8263,"Wales","Low back pain",2021,7,"10-14 years",11,TRUE,2,"Female",15,"mortality",0,0,0
8263,"Wales","Low back pain",2021,7,"10-14 years",11,TRUE,2,"Female",7,"remission",0,0,0
8263,"Wales","Low back pain",2021,7,"10-14 years",12,TRUE,2,"Female",5,"prevalence",0.042497888042,0.03207475513,0.0554439097
8263,"Wales","Low back pain",2021,7,"10-14 years",12,TRUE,2,"Female",6,"incidence",0.02342005385,0.0167252692,0.0318751247209972
8263,"Wales","Low back pain",2021,7,"10-14 years",12,TRUE,2,"Female",15,"mortality",0,0,0
8263,"Wales","Low back pain",2021,7,"10-14 years",12,TRUE,2,"Female",7,"remission",0,0,0
8263,"Wales","Low back pain",2021,7,"10-14 years",13,TRUE,2,"Female",5,"prevalence",0.042497888042,0.03207475513,0.0554439097
8263,"Wales","Low back pain",2021,7,"10-14 years",13,TRUE,2,"Female",6,"incidence",0.02342005385,0.0167252692,0.0318751247209972
8263,"Wales","Low back pain",2021,7,"10-14 years",13,TRUE,2,"Female",15,"mortality",0,0,0
8263,"Wales","Low back pain",2021,7,"10-14 years",13,TRUE,2,"Female",7,"remission",0,0,0
8263,"Wales","Low back pain",2021,7,"10-14 years",14,TRUE,2,"Female",5,"prevalence",0.042497888042,0.03207475513,0.0554439097
8263,"Wales","Low back pain",2021,7,"10-14 years",14,TRUE,2,"Female",6,"incidence",0.02342005385,0.0167252692,0.0318751247209972
8263,"Wales","Low back pain",2021,7,"10-14 years",14,TRUE,2,"Female",15,"mortality",0,0,0
8263,"Wales","Low back pain",2021,7,"10-14 years",14,TRUE,2,"Female",7,"remission",0,0,0
8263,"Wales","Low back pain",2021,8,"15-19 years",15,TRUE,1,"Male",5,"prevalence",0.05527836686,0.03926236927,0.0732652348999999
8263,"Wales","Low back pain",2021,8,"15-19 years",15,TRUE,1,"Male",6,"incidence",0.02318750612,0.0162391841607575,0.0313104429962542
8263,"Wales","Low back pain",2021,8,"15-19 years",15,TRUE,1,"Male",15,"mortality",0,0,0
8263,"Wales","Low back pain",2021,8,"15-19 years",15,TRUE,1,"Male",7,"remission",0,0,0
8263,"Wales","Low back pain",2021,8,"15-19 years",16,TRUE,1,"Male",5,"prevalence",0.05527836686,0.03926236927,0.0732652348999999
8263,"Wales","Low back pain",2021,8,"15-19 years",16,TRUE,1,"Male",6,"incidence",0.02318750612,0.0162391841607575,0.0313104429962542
8263,"Wales","Low back pain",2021,8,"15-19 years",16,TRUE,1,"Male",15,"mortality",0,0,0
8263,"Wales","Low back pain",2021,8,"15-19 years",16,TRUE,1,"Male",7,"remission",0,0,0
8263,"Wales","Low back pain",2021,8,"15-19 years",17,TRUE,1,"Male",5,"prevalence",0.05527836686,0.03926236927,0.0732652348999999
8263,"Wales","Low back pain",2021,8,"15-19 years",17,TRUE,1,"Male",6,"incidence",0.02318750612,0.0162391841607575,0.0313104429962542
8263,"Wales","Low back pain",2021,8,"15-19 years",17,TRUE,1,"Male",15,"mortality",0,0,0
8263,"Wales","Low back pain",2021,8,"15-19 years",17,TRUE,1,"Male",7,"remission",0,0,0
8263,"Wales","Low back pain",2021,8,"15-19 years",18,TRUE,1,"Male",5,"prevalence",0.05527836686,0.03926236927,0.0732652348999999
8263,"Wales","Low back pain",2021,8,"15-19 years",18,TRUE,1,"Male",6,"incidence",0.02318750612,0.0162391841607575,0.0313104429962542
8263,"Wales","Low back pain",2021,8,"15-19 years",18,TRUE,1,"Male",15,"mortality",0,0,0
8263,"Wales","Low back pain",2021,8,"15-19 years",18,TRUE,1,"Male",7,"remission",0,0,0
8263,"Wales","Low back pain",2021,8,"15-19 years",19,TRUE,1,"Male",5,"prevalence",0.05527836686,0.03926236927,0.0732652348999999
8263,"Wales","Low back pain",2021,8,"15-19 years",19,TRUE,1,"Male",6,"incidence",0.02318750612,0.0162391841607575,0.0313104429962542
8263,"Wales","Low back pain",2021,8,"15-19 years",19,TRUE,1,"Male",15,"mortality",0,0,0
8263,"Wales","Low back pain",2021,8,"15-19 years",19,TRUE,1,"Male",7,"remission",0,0,0
8263,"Wales","Low back pain",2021,8,"15-19 years",15,TRUE,2,"Female",5,"prevalence",0.0712976130239999,0.052295976175,0.09499875152
8263,"Wales","Low back pain",2021,8,"15-19 years",15,TRUE,2,"Female",6,"incidence",0.0313752401308549,0.02214766753,0.04200027017
8263,"Wales","Low back pain",2021,8,"15-19 years",15,TRUE,2,"Female",15,"mortality",0,0,0
8263,"Wales","Low back pain",2021,8,"15-19 years",15,TRUE,2,"Female",7,"remission",0,0,0
8263,"Wales","Low back pain",2021,8,"15-19 years",16,TRUE,2,"Female",5,"prevalence",0.0712976130239999,0.052295976175,0.09499875152
8263,"Wales","Low back pain",2021,8,"15-19 years",16,TRUE,2,"Female",6,"incidence",0.0313752401308549,0.02214766753,0.04200027017
8263,"Wales","Low back pain",2021,8,"15-19 years",16,TRUE,2,"Female",15,"mortality",0,0,0
8263,"Wales","Low back pain",2021,8,"15-19 years",16,TRUE,2,"Female",7,"remission",0,0,0
8263,"Wales","Low back pain",2021,8,"15-19 years",17,TRUE,2,"Female",5,"prevalence",0.0712976130239999,0.052295976175,0.09499875152
8263,"Wales","Low back pain",2021,8,"15-19 years",17,TRUE,2,"Female",6,"incidence",0.0313752401308549,0.02214766753,0.04200027017
8263,"Wales","Low back pain",2021,8,"15-19 years",17,TRUE,2,"Female",15,"mortality",0,0,0
8263,"Wales","Low back pain",2021,8,"15-19 years",17,TRUE,2,"Female",7,"remission",0,0,0
8263,"Wales","Low back pain",2021,8,"15-19 years",18,TRUE,2,"Female",5,"prevalence",0.0712976130239999,0.052295976175,0.09499875152
8263,"Wales","Low back pain",2021,8,"15-19 years",18,TRUE,2,"Female",6,"incidence",0.0313752401308549,0.02214766753,0.04200027017
8263,"Wales","Low back pain",2021,8,"15-19 years",18,TRUE,2,"Female",15,"mortality",0,0,0
8263,"Wales","Low back pain",2021,8,"15-19 years",18,TRUE,2,"Female",7,"remission",0,0,0
8263,"Wales","Low back pain",2021,8,"15-19 years",19,TRUE,2,"Female",5,"prevalence",0.0712976130239999,0.052295976175,0.09499875152
8263,"Wales","Low back pain",2021,8,"15-19 years",19,TRUE,2,"Female",6,"incidence",0.0313752401308549,0.02214766753,0.04200027017
8263,"Wales","Low back pain",2021,8,"15-19 years",19,TRUE,2,"Female",15,"mortality",0,0,0
8263,"Wales","Low back pain",2021,8,"15-19 years",19,TRUE,2,"Female",7,"remission",0,0,0
8263,"Wales","Low back pain",2021,9,"20-24 years",20,TRUE,1,"Male",5,"prevalence",0.06174248474,0.0434973599,0.0848908648
8263,"Wales","Low back pain",2021,9,"20-24 years",20,TRUE,1,"Male",6,"incidence",0.0256281273,0.01734971085,0.03562843103
8263,"Wales","Low back pain",2021,9,"20-24 years",20,TRUE,1,"Male",15,"mortality",0,0,0
8263,"Wales","Low back pain",2021,9,"20-24 years",20,TRUE,1,"Male",7,"remission",0,0,0
8263,"Wales","Low back pain",2021,9,"20-24 years",21,TRUE,1,"Male",5,"prevalence",0.06174248474,0.0434973599,0.0848908648
8263,"Wales","Low back pain",2021,9,"20-24 years",21,TRUE,1,"Male",6,"incidence",0.0256281273,0.01734971085,0.03562843103
8263,"Wales","Low back pain",2021,9,"20-24 years",21,TRUE,1,"Male",15,"mortality",0,0,0
8263,"Wales","Low back pain",2021,9,"20-24 years",21,TRUE,1,"Male",7,"remission",0,0,0
8263,"Wales","Low back pain",2021,9,"20-24 years",22,TRUE,1,"Male",5,"prevalence",0.06174248474,0.0434973599,0.0848908648
8263,"Wales","Low back pain",2021,9,"20-24 years",22,TRUE,1,"Male",6,"incidence",0.0256281273,0.01734971085,0.03562843103
8263,"Wales","Low back pain",2021,9,"20-24 years",22,TRUE,1,"Male",15,"mortality",0,0,0
8263,"Wales","Low back pain",2021,9,"20-24 years",22,TRUE,1,"Male",7,"remission",0,0,0
8263,"Wales","Low back pain",2021,9,"20-24 years",23,TRUE,1,"Male",5,"prevalence",0.06174248474,0.0434973599,0.0848908648
8263,"Wales","Low back pain",2021,9,"20-24 years",23,TRUE,1,"Male",6,"incidence",0.0256281273,0.01734971085,0.03562843103
8263,"Wales","Low back pain",2021,9,"20-24 years",23,TRUE,1,"Male",15,"mortality",0,0,0
8263,"Wales","Low back pain",2021,9,"20-24 years",23,TRUE,1,"Male",7,"remission",0,0,0
8263,"Wales","Low back pain",2021,9,"20-24 years",24,TRUE,1,"Male",5,"prevalence",0.06174248474,0.0434973599,0.0848908648
8263,"Wales","Low back pain",2021,9,"20-24 years",24,TRUE,1,"Male",6,"incidence",0.0256281273,0.01734971085,0.03562843103
8263,"Wales","Low back pain",2021,9,"20-24 years",24,TRUE,1,"Male",15,"mortality",0,0,0
8263,"Wales","Low back pain",2021,9,"20-24 years",24,TRUE,1,"Male",7,"remission",0,0,0
8263,"Wales","Low back pain",2021,9,"20-24 years",20,TRUE,2,"Female",5,"prevalence",0.08402739921,0.05928649967,0.112997629
8263,"Wales","Low back pain",2021,9,"20-24 years",20,TRUE,2,"Female",6,"incidence",0.03571031533,0.02409738708,0.04901701474
8263,"Wales","Low back pain",2021,9,"20-24 years",20,TRUE,2,"Female",15,"mortality",0,0,0
8263,"Wales","Low back pain",2021,9,"20-24 years",20,TRUE,2,"Female",7,"remission",0,0,0
8263,"Wales","Low back pain",2021,9,"20-24 years",21,TRUE,2,"Female",5,"prevalence",0.08402739921,0.05928649967,0.112997629
8263,"Wales","Low back pain",2021,9,"20-24 years",21,TRUE,2,"Female",6,"incidence",0.03571031533,0.02409738708,0.04901701474
8263,"Wales","Low back pain",2021,9,"20-24 years",21,TRUE,2,"Female",15,"mortality",0,0,0
8263,"Wales","Low back pain",2021,9,"20-24 years",21,TRUE,2,"Female",7,"remission",0,0,0
8263,"Wales","Low back pain",2021,9,"20-24 years",22,TRUE,2,"Female",5,"prevalence",0.08402739921,0.05928649967,0.112997629
8263,"Wales","Low back pain",2021,9,"20-24 years",22,TRUE,2,"Female",6,"incidence",0.03571031533,0.02409738708,0.04901701474
8263,"Wales","Low back pain",2021,9,"20-24 years",22,TRUE,2,"Female",15,"mortality",0,0,0
8263,"Wales","Low back pain",2021,9,"20-24 years",22,TRUE,2,"Female",7,"remission",0,0,0
8263,"Wales","Low back pain",2021,9,"20-24 years",23,TRUE,2,"Female",5,"prevalence",0.08402739921,0.05928649967,0.112997629
8263,"Wales","Low back pain",2021,9,"20-24 years",23,TRUE,2,"Female",6,"incidence",0.03571031533,0.02409738708,0.04901701474
8263,"Wales","Low back pain",2021,9,"20-24 years",23,TRUE,2,"Female",15,"mortality",0,0,0
8263,"Wales","Low back pain",2021,9,"20-24 years",23,TRUE,2,"Female",7,"remission",0,0,0
8263,"Wales","Low back pain",2021,9,"20-24 years",24,TRUE,2,"Female",5,"prevalence",0.08402739921,0.05928649967,0.112997629
8263,"Wales","Low back pain",2021,9,"20-24 years",24,TRUE,2,"Female",6,"incidence",0.03571031533,0.02409738708,0.04901701474
8263,"Wales","Low back pain",2021,9,"20-24 years",24,TRUE,2,"Female",15,"mortality",0,0,0
8263,"Wales","Low back pain",2021,9,"20-24 years",24,TRUE,2,"Female",7,"remission",0,0,0
8263,"Wales","Low back pain",2021,10,"25-29 years",25,TRUE,1,"Male",5,"prevalence",0.07132734156,0.05034194785,0.096968222225
8263,"Wales","Low back pain",2021,10,"25-29 years",25,TRUE,1,"Male",6,"incidence",0.03035233723,0.0204486617679645,0.04231536434
8263,"Wales","Low back pain",2021,10,"25-29 years",25,TRUE,1,"Male",15,"mortality",0,0,0
8263,"Wales","Low back pain",2021,10,"25-29 years",25,TRUE,1,"Male",7,"remission",0,0,0
8263,"Wales","Low back pain",2021,10,"25-29 years",26,TRUE,1,"Male",5,"prevalence",0.07132734156,0.05034194785,0.096968222225
8263,"Wales","Low back pain",2021,10,"25-29 years",26,TRUE,1,"Male",6,"incidence",0.03035233723,0.0204486617679645,0.04231536434
8263,"Wales","Low back pain",2021,10,"25-29 years",26,TRUE,1,"Male",15,"mortality",0,0,0
8263,"Wales","Low back pain",2021,10,"25-29 years",26,TRUE,1,"Male",7,"remission",0,0,0
8263,"Wales","Low back pain",2021,10,"25-29 years",27,TRUE,1,"Male",5,"prevalence",0.07132734156,0.05034194785,0.096968222225
8263,"Wales","Low back pain",2021,10,"25-29 years",27,TRUE,1,"Male",6,"incidence",0.03035233723,0.0204486617679645,0.04231536434
8263,"Wales","Low back pain",2021,10,"25-29 years",27,TRUE,1,"Male",15,"mortality",0,0,0
8263,"Wales","Low back pain",2021,10,"25-29 years",27,TRUE,1,"Male",7,"remission",0,0,0
8263,"Wales","Low back pain",2021,10,"25-29 years",28,TRUE,1,"Male",5,"prevalence",0.07132734156,0.05034194785,0.096968222225
8263,"Wales","Low back pain",2021,10,"25-29 years",28,TRUE,1,"Male",6,"incidence",0.03035233723,0.0204486617679645,0.04231536434
8263,"Wales","Low back pain",2021,10,"25-29 years",28,TRUE,1,"Male",15,"mortality",0,0,0
8263,"Wales","Low back pain",2021,10,"25-29 years",28,TRUE,1,"Male",7,"remission",0,0,0
8263,"Wales","Low back pain",2021,10,"25-29 years",29,TRUE,1,"Male",5,"prevalence",0.07132734156,0.05034194785,0.096968222225
8263,"Wales","Low back pain",2021,10,"25-29 years",29,TRUE,1,"Male",6,"incidence",0.03035233723,0.0204486617679645,0.04231536434
8263,"Wales","Low back pain",2021,10,"25-29 years",29,TRUE,1,"Male",15,"mortality",0,0,0
8263,"Wales","Low back pain",2021,10,"25-29 years",29,TRUE,1,"Male",7,"remission",0,0,0
8263,"Wales","Low back pain",2021,10,"25-29 years",25,TRUE,2,"Female",5,"prevalence",0.09575541255,0.06896085245,0.1277002183
8263,"Wales","Low back pain",2021,10,"25-29 years",25,TRUE,2,"Female",6,"incidence",0.0405126880743264,0.0271396937630664,0.0563447109085274
8263,"Wales","Low back pain",2021,10,"25-29 years",25,TRUE,2,"Female",15,"mortality",0,0,0
8263,"Wales","Low back pain",2021,10,"25-29 years",25,TRUE,2,"Female",7,"remission",0,0,0
8263,"Wales","Low back pain",2021,10,"25-29 years",26,TRUE,2,"Female",5,"prevalence",0.09575541255,0.06896085245,0.1277002183
8263,"Wales","Low back pain",2021,10,"25-29 years",26,TRUE,2,"Female",6,"incidence",0.0405126880743264,0.0271396937630664,0.0563447109085274
8263,"Wales","Low back pain",2021,10,"25-29 years",26,TRUE,2,"Female",15,"mortality",0,0,0
8263,"Wales","Low back pain",2021,10,"25-29 years",26,TRUE,2,"Female",7,"remission",0,0,0
8263,"Wales","Low back pain",2021,10,"25-29 years",27,TRUE,2,"Female",5,"prevalence",0.09575541255,0.06896085245,0.1277002183
8263,"Wales","Low back pain",2021,10,"25-29 years",27,TRUE,2,"Female",6,"incidence",0.0405126880743264,0.0271396937630664,0.0563447109085274
8263,"Wales","Low back pain",2021,10,"25-29 years",27,TRUE,2,"Female",15,"mortality",0,0,0
8263,"Wales","Low back pain",2021,10,"25-29 years",27,TRUE,2,"Female",7,"remission",0,0,0
8263,"Wales","Low back pain",2021,10,"25-29 years",28,TRUE,2,"Female",5,"prevalence",0.09575541255,0.06896085245,0.1277002183
8263,"Wales","Low back pain",2021,10,"25-29 years",28,TRUE,2,"Female",6,"incidence",0.0405126880743264,0.0271396937630664,0.0563447109085274
8263,"Wales","Low back pain",2021,10,"25-29 years",28,TRUE,2,"Female",15,"mortality",0,0,0
8263,"Wales","Low back pain",2021,10,"25-29 years",28,TRUE,2,"Female",7,"remission",0,0,0
8263,"Wales","Low back pain",2021,10,"25-29 years",29,TRUE,2,"Female",5,"prevalence",0.09575541255,0.06896085245,0.1277002183
8263,"Wales","Low back pain",2021,10,"25-29 years",29,TRUE,2,"Female",6,"incidence",0.0405126880743264,0.0271396937630664,0.0563447109085274
8263,"Wales","Low back pain",2021,10,"25-29 years",29,TRUE,2,"Female",15,"mortality",0,0,0
8263,"Wales","Low back pain",2021,10,"25-29 years",29,TRUE,2,"Female",7,"remission",0,0,0
8263,"Wales","Low back pain",2021,11,"30-34 years",30,TRUE,1,"Male",5,"prevalence",0.08196938823,0.05773426708,0.1121048568
8263,"Wales","Low back pain",2021,11,"30-34 years",30,TRUE,1,"Male",6,"incidence",0.03519719232,0.02366330202,0.04974538931
8263,"Wales","Low back pain",2021,11,"30-34 years",30,TRUE,1,"Male",15,"mortality",0,0,0
8263,"Wales","Low back pain",2021,11,"30-34 years",30,TRUE,1,"Male",7,"remission",0,0,0
8263,"Wales","Low back pain",2021,11,"30-34 years",31,TRUE,1,"Male",5,"prevalence",0.08196938823,0.05773426708,0.1121048568
8263,"Wales","Low back pain",2021,11,"30-34 years",31,TRUE,1,"Male",6,"incidence",0.03519719232,0.02366330202,0.04974538931
8263,"Wales","Low back pain",2021,11,"30-34 years",31,TRUE,1,"Male",15,"mortality",0,0,0
8263,"Wales","Low back pain",2021,11,"30-34 years",31,TRUE,1,"Male",7,"remission",0,0,0
8263,"Wales","Low back pain",2021,11,"30-34 years",32,TRUE,1,"Male",5,"prevalence",0.08196938823,0.05773426708,0.1121048568
8263,"Wales","Low back pain",2021,11,"30-34 years",32,TRUE,1,"Male",6,"incidence",0.03519719232,0.02366330202,0.04974538931
8263,"Wales","Low back pain",2021,11,"30-34 years",32,TRUE,1,"Male",15,"mortality",0,0,0
8263,"Wales","Low back pain",2021,11,"30-34 years",32,TRUE,1,"Male",7,"remission",0,0,0
8263,"Wales","Low back pain",2021,11,"30-34 years",33,TRUE,1,"Male",5,"prevalence",0.08196938823,0.05773426708,0.1121048568
8263,"Wales","Low back pain",2021,11,"30-34 years",33,TRUE,1,"Male",6,"incidence",0.03519719232,0.02366330202,0.04974538931
8263,"Wales","Low back pain",2021,11,"30-34 years",33,TRUE,1,"Male",15,"mortality",0,0,0
8263,"Wales","Low back pain",2021,11,"30-34 years",33,TRUE,1,"Male",7,"remission",0,0,0
8263,"Wales","Low back pain",2021,11,"30-34 years",34,TRUE,1,"Male",5,"prevalence",0.08196938823,0.05773426708,0.1121048568
8263,"Wales","Low back pain",2021,11,"30-34 years",34,TRUE,1,"Male",6,"incidence",0.03519719232,0.02366330202,0.04974538931
8263,"Wales","Low back pain",2021,11,"30-34 years",34,TRUE,1,"Male",15,"mortality",0,0,0
8263,"Wales","Low back pain",2021,11,"30-34 years",34,TRUE,1,"Male",7,"remission",0,0,0
8263,"Wales","Low back pain",2021,11,"30-34 years",30,TRUE,2,"Female",5,"prevalence",0.1073813152,0.0751847428999999,0.146641339
8263,"Wales","Low back pain",2021,11,"30-34 years",30,TRUE,2,"Female",6,"incidence",0.04616060395,0.03051634731,0.0653178784733737
8263,"Wales","Low back pain",2021,11,"30-34 years",30,TRUE,2,"Female",15,"mortality",0,0,0
8263,"Wales","Low back pain",2021,11,"30-34 years",30,TRUE,2,"Female",7,"remission",0,0,0
8263,"Wales","Low back pain",2021,11,"30-34 years",31,TRUE,2,"Female",5,"prevalence",0.1073813152,0.0751847428999999,0.146641339
8263,"Wales","Low back pain",2021,11,"30-34 years",31,TRUE,2,"Female",6,"incidence",0.04616060395,0.03051634731,0.0653178784733737
8263,"Wales","Low back pain",2021,11,"30-34 years",31,TRUE,2,"Female",15,"mortality",0,0,0
8263,"Wales","Low back pain",2021,11,"30-34 years",31,TRUE,2,"Female",7,"remission",0,0,0
8263,"Wales","Low back pain",2021,11,"30-34 years",32,TRUE,2,"Female",5,"prevalence",0.1073813152,0.0751847428999999,0.146641339
8263,"Wales","Low back pain",2021,11,"30-34 years",32,TRUE,2,"Female",6,"incidence",0.04616060395,0.03051634731,0.0653178784733737
8263,"Wales","Low back pain",2021,11,"30-34 years",32,TRUE,2,"Female",15,"mortality",0,0,0
8263,"Wales","Low back pain",2021,11,"30-34 years",32,TRUE,2,"Female",7,"remission",0,0,0
8263,"Wales","Low back pain",2021,11,"30-34 years",33,TRUE,2,"Female",5,"prevalence",0.1073813152,0.0751847428999999,0.146641339
8263,"Wales","Low back pain",2021,11,"30-34 years",33,TRUE,2,"Female",6,"incidence",0.04616060395,0.03051634731,0.0653178784733737
8263,"Wales","Low back pain",2021,11,"30-34 years",33,TRUE,2,"Female",15,"mortality",0,0,0
8263,"Wales","Low back pain",2021,11,"30-34 years",33,TRUE,2,"Female",7,"remission",0,0,0
8263,"Wales","Low back pain",2021,11,"30-34 years",34,TRUE,2,"Female",5,"prevalence",0.1073813152,0.0751847428999999,0.146641339
8263,"Wales","Low back pain",2021,11,"30-34 years",34,TRUE,2,"Female",6,"incidence",0.04616060395,0.03051634731,0.0653178784733737
8263,"Wales","Low back pain",2021,11,"30-34 years",34,TRUE,2,"Female",15,"mortality",0,0,0
8263,"Wales","Low back pain",2021,11,"30-34 years",34,TRUE,2,"Female",7,"remission",0,0,0
8263,"Wales","Low back pain",2021,12,"35-39 years",35,TRUE,1,"Male",5,"prevalence",0.09463416159,0.06910721575,0.12832146375
8263,"Wales","Low back pain",2021,12,"35-39 years",35,TRUE,1,"Male",6,"incidence",0.0408396171326882,0.02850532296,0.05632994245
8263,"Wales","Low back pain",2021,12,"35-39 years",35,TRUE,1,"Male",15,"mortality",0,0,0
8263,"Wales","Low back pain",2021,12,"35-39 years",35,TRUE,1,"Male",7,"remission",0,0,0
8263,"Wales","Low back pain",2021,12,"35-39 years",36,TRUE,1,"Male",5,"prevalence",0.09463416159,0.06910721575,0.12832146375
8263,"Wales","Low back pain",2021,12,"35-39 years",36,TRUE,1,"Male",6,"incidence",0.0408396171326882,0.02850532296,0.05632994245
8263,"Wales","Low back pain",2021,12,"35-39 years",36,TRUE,1,"Male",15,"mortality",0,0,0
8263,"Wales","Low back pain",2021,12,"35-39 years",36,TRUE,1,"Male",7,"remission",0,0,0
8263,"Wales","Low back pain",2021,12,"35-39 years",37,TRUE,1,"Male",5,"prevalence",0.09463416159,0.06910721575,0.12832146375
8263,"Wales","Low back pain",2021,12,"35-39 years",37,TRUE,1,"Male",6,"incidence",0.0408396171326882,0.02850532296,0.05632994245
8263,"Wales","Low back pain",2021,12,"35-39 years",37,TRUE,1,"Male",15,"mortality",0,0,0
8263,"Wales","Low back pain",2021,12,"35-39 years",37,TRUE,1,"Male",7,"remission",0,0,0
8263,"Wales","Low back pain",2021,12,"35-39 years",38,TRUE,1,"Male",5,"prevalence",0.09463416159,0.06910721575,0.12832146375
8263,"Wales","Low back pain",2021,12,"35-39 years",38,TRUE,1,"Male",6,"incidence",0.0408396171326882,0.02850532296,0.05632994245
8263,"Wales","Low back pain",2021,12,"35-39 years",38,TRUE,1,"Male",15,"mortality",0,0,0
8263,"Wales","Low back pain",2021,12,"35-39 years",38,TRUE,1,"Male",7,"remission",0,0,0
8263,"Wales","Low back pain",2021,12,"35-39 years",39,TRUE,1,"Male",5,"prevalence",0.09463416159,0.06910721575,0.12832146375
8263,"Wales","Low back pain",2021,12,"35-39 years",39,TRUE,1,"Male",6,"incidence",0.0408396171326882,0.02850532296,0.05632994245
8263,"Wales","Low back pain",2021,12,"35-39 years",39,TRUE,1,"Male",15,"mortality",0,0,0
8263,"Wales","Low back pain",2021,12,"35-39 years",39,TRUE,1,"Male",7,"remission",0,0,0
8263,"Wales","Low back pain",2021,12,"35-39 years",35,TRUE,2,"Female",5,"prevalence",0.1249163494,0.09181052893,0.1655088695
8263,"Wales","Low back pain",2021,12,"35-39 years",35,TRUE,2,"Female",6,"incidence",0.054684598121806,0.03819016166,0.07635859788
8263,"Wales","Low back pain",2021,12,"35-39 years",35,TRUE,2,"Female",15,"mortality",0,0,0
8263,"Wales","Low back pain",2021,12,"35-39 years",35,TRUE,2,"Female",7,"remission",0,0,0
8263,"Wales","Low back pain",2021,12,"35-39 years",36,TRUE,2,"Female",5,"prevalence",0.1249163494,0.09181052893,0.1655088695
8263,"Wales","Low back pain",2021,12,"35-39 years",36,TRUE,2,"Female",6,"incidence",0.054684598121806,0.03819016166,0.07635859788
8263,"Wales","Low back pain",2021,12,"35-39 years",36,TRUE,2,"Female",15,"mortality",0,0,0
8263,"Wales","Low back pain",2021,12,"35-39 years",36,TRUE,2,"Female",7,"remission",0,0,0
8263,"Wales","Low back pain",2021,12,"35-39 years",37,TRUE,2,"Female",5,"prevalence",0.1249163494,0.09181052893,0.1655088695
8263,"Wales","Low back pain",2021,12,"35-39 years",37,TRUE,2,"Female",6,"incidence",0.054684598121806,0.03819016166,0.07635859788
8263,"Wales","Low back pain",2021,12,"35-39 years",37,TRUE,2,"Female",15,"mortality",0,0,0
8263,"Wales","Low back pain",2021,12,"35-39 years",37,TRUE,2,"Female",7,"remission",0,0,0
8263,"Wales","Low back pain",2021,12,"35-39 years",38,TRUE,2,"Female",5,"prevalence",0.1249163494,0.09181052893,0.1655088695
8263,"Wales","Low back pain",2021,12,"35-39 years",38,TRUE,2,"Female",6,"incidence",0.054684598121806,0.03819016166,0.07635859788
8263,"Wales","Low back pain",2021,12,"35-39 years",38,TRUE,2,"Female",15,"mortality",0,0,0
8263,"Wales","Low back pain",2021,12,"35-39 years",38,TRUE,2,"Female",7,"remission",0,0,0
8263,"Wales","Low back pain",2021,12,"35-39 years",39,TRUE,2,"Female",5,"prevalence",0.1249163494,0.09181052893,0.1655088695
8263,"Wales","Low back pain",2021,12,"35-39 years",39,TRUE,2,"Female",6,"incidence",0.054684598121806,0.03819016166,0.07635859788
8263,"Wales","Low back pain",2021,12,"35-39 years",39,TRUE,2,"Female",15,"mortality",0,0,0
8263,"Wales","Low back pain",2021,12,"35-39 years",39,TRUE,2,"Female",7,"remission",0,0,0
8263,"Wales","Low back pain",2021,13,"40-44 years",40,TRUE,1,"Male",5,"prevalence",0.10897874238,0.0782039613,0.14801082025
8263,"Wales","Low back pain",2021,13,"40-44 years",40,TRUE,1,"Male",6,"incidence",0.04550775031,0.03180568957,0.0629547414439887
8263,"Wales","Low back pain",2021,13,"40-44 years",40,TRUE,1,"Male",15,"mortality",0,0,0
8263,"Wales","Low back pain",2021,13,"40-44 years",40,TRUE,1,"Male",7,"remission",0,0,0
8263,"Wales","Low back pain",2021,13,"40-44 years",41,TRUE,1,"Male",5,"prevalence",0.10897874238,0.0782039613,0.14801082025
8263,"Wales","Low back pain",2021,13,"40-44 years",41,TRUE,1,"Male",6,"incidence",0.04550775031,0.03180568957,0.0629547414439887
8263,"Wales","Low back pain",2021,13,"40-44 years",41,TRUE,1,"Male",15,"mortality",0,0,0
8263,"Wales","Low back pain",2021,13,"40-44 years",41,TRUE,1,"Male",7,"remission",0,0,0
8263,"Wales","Low back pain",2021,13,"40-44 years",42,TRUE,1,"Male",5,"prevalence",0.10897874238,0.0782039613,0.14801082025
8263,"Wales","Low back pain",2021,13,"40-44 years",42,TRUE,1,"Male",6,"incidence",0.04550775031,0.03180568957,0.0629547414439887
8263,"Wales","Low back pain",2021,13,"40-44 years",42,TRUE,1,"Male",15,"mortality",0,0,0
8263,"Wales","Low back pain",2021,13,"40-44 years",42,TRUE,1,"Male",7,"remission",0,0,0
8263,"Wales","Low back pain",2021,13,"40-44 years",43,TRUE,1,"Male",5,"prevalence",0.10897874238,0.0782039613,0.14801082025
8263,"Wales","Low back pain",2021,13,"40-44 years",43,TRUE,1,"Male",6,"incidence",0.04550775031,0.03180568957,0.0629547414439887
8263,"Wales","Low back pain",2021,13,"40-44 years",43,TRUE,1,"Male",15,"mortality",0,0,0
8263,"Wales","Low back pain",2021,13,"40-44 years",43,TRUE,1,"Male",7,"remission",0,0,0
8263,"Wales","Low back pain",2021,13,"40-44 years",44,TRUE,1,"Male",5,"prevalence",0.10897874238,0.0782039613,0.14801082025
8263,"Wales","Low back pain",2021,13,"40-44 years",44,TRUE,1,"Male",6,"incidence",0.04550775031,0.03180568957,0.0629547414439887
8263,"Wales","Low back pain",2021,13,"40-44 years",44,TRUE,1,"Male",15,"mortality",0,0,0
8263,"Wales","Low back pain",2021,13,"40-44 years",44,TRUE,1,"Male",7,"remission",0,0,0
8263,"Wales","Low back pain",2021,13,"40-44 years",40,TRUE,2,"Female",5,"prevalence",0.14439113016,0.10304575225,0.19494760275
8263,"Wales","Low back pain",2021,13,"40-44 years",40,TRUE,2,"Female",6,"incidence",0.0605394805946689,0.04255484069,0.08399533878
8263,"Wales","Low back pain",2021,13,"40-44 years",40,TRUE,2,"Female",15,"mortality",0,0,0
8263,"Wales","Low back pain",2021,13,"40-44 years",40,TRUE,2,"Female",7,"remission",0,0,0
8263,"Wales","Low back pain",2021,13,"40-44 years",41,TRUE,2,"Female",5,"prevalence",0.14439113016,0.10304575225,0.19494760275
8263,"Wales","Low back pain",2021,13,"40-44 years",41,TRUE,2,"Female",6,"incidence",0.0605394805946689,0.04255484069,0.08399533878
8263,"Wales","Low back pain",2021,13,"40-44 years",41,TRUE,2,"Female",15,"mortality",0,0,0
8263,"Wales","Low back pain",2021,13,"40-44 years",41,TRUE,2,"Female",7,"remission",0,0,0
8263,"Wales","Low back pain",2021,13,"40-44 years",42,TRUE,2,"Female",5,"prevalence",0.14439113016,0.10304575225,0.19494760275
8263,"Wales","Low back pain",2021,13,"40-44 years",42,TRUE,2,"Female",6,"incidence",0.0605394805946689,0.04255484069,0.08399533878
8263,"Wales","Low back pain",2021,13,"40-44 years",42,TRUE,2,"Female",15,"mortality",0,0,0
8263,"Wales","Low back pain",2021,13,"40-44 years",42,TRUE,2,"Female",7,"remission",0,0,0
8263,"Wales","Low back pain",2021,13,"40-44 years",43,TRUE,2,"Female",5,"prevalence",0.14439113016,0.10304575225,0.19494760275
8263,"Wales","Low back pain",2021,13,"40-44 years",43,TRUE,2,"Female",6,"incidence",0.0605394805946689,0.04255484069,0.08399533878
8263,"Wales","Low back pain",2021,13,"40-44 years",43,TRUE,2,"Female",15,"mortality",0,0,0
8263,"Wales","Low back pain",2021,13,"40-44 years",43,TRUE,2,"Female",7,"remission",0,0,0
8263,"Wales","Low back pain",2021,13,"40-44 years",44,TRUE,2,"Female",5,"prevalence",0.14439113016,0.10304575225,0.19494760275
8263,"Wales","Low back pain",2021,13,"40-44 years",44,TRUE,2,"Female",6,"incidence",0.0605394805946689,0.04255484069,0.08399533878
8263,"Wales","Low back pain",2021,13,"40-44 years",44,TRUE,2,"Female",15,"mortality",0,0,0
8263,"Wales","Low back pain",2021,13,"40-44 years",44,TRUE,2,"Female",7,"remission",0,0,0
8263,"Wales","Low back pain",2021,14,"45-49 years",45,TRUE,1,"Male",5,"prevalence",0.123858667766,0.0874834088,0.17014054875
8263,"Wales","Low back pain",2021,14,"45-49 years",45,TRUE,1,"Male",6,"incidence",0.0511470582497045,0.03562711484,0.07068931597
8263,"Wales","Low back pain",2021,14,"45-49 years",45,TRUE,1,"Male",15,"mortality",0,0,0
8263,"Wales","Low back pain",2021,14,"45-49 years",45,TRUE,1,"Male",7,"remission",0,0,0
8263,"Wales","Low back pain",2021,14,"45-49 years",46,TRUE,1,"Male",5,"prevalence",0.123858667766,0.0874834088,0.17014054875
8263,"Wales","Low back pain",2021,14,"45-49 years",46,TRUE,1,"Male",6,"incidence",0.0511470582497045,0.03562711484,0.07068931597
8263,"Wales","Low back pain",2021,14,"45-49 years",46,TRUE,1,"Male",15,"mortality",0,0,0
8263,"Wales","Low back pain",2021,14,"45-49 years",46,TRUE,1,"Male",7,"remission",0,0,0
8263,"Wales","Low back pain",2021,14,"45-49 years",47,TRUE,1,"Male",5,"prevalence",0.123858667766,0.0874834088,0.17014054875
8263,"Wales","Low back pain",2021,14,"45-49 years",47,TRUE,1,"Male",6,"incidence",0.0511470582497045,0.03562711484,0.07068931597
8263,"Wales","Low back pain",2021,14,"45-49 years",47,TRUE,1,"Male",15,"mortality",0,0,0
8263,"Wales","Low back pain",2021,14,"45-49 years",47,TRUE,1,"Male",7,"remission",0,0,0
8263,"Wales","Low back pain",2021,14,"45-49 years",48,TRUE,1,"Male",5,"prevalence",0.123858667766,0.0874834088,0.17014054875
8263,"Wales","Low back pain",2021,14,"45-49 years",48,TRUE,1,"Male",6,"incidence",0.0511470582497045,0.03562711484,0.07068931597
8263,"Wales","Low back pain",2021,14,"45-49 years",48,TRUE,1,"Male",15,"mortality",0,0,0
8263,"Wales","Low back pain",2021,14,"45-49 years",48,TRUE,1,"Male",7,"remission",0,0,0
8263,"Wales","Low back pain",2021,14,"45-49 years",49,TRUE,1,"Male",5,"prevalence",0.123858667766,0.0874834088,0.17014054875
8263,"Wales","Low back pain",2021,14,"45-49 years",49,TRUE,1,"Male",6,"incidence",0.0511470582497045,0.03562711484,0.07068931597
8263,"Wales","Low back pain",2021,14,"45-49 years",49,TRUE,1,"Male",15,"mortality",0,0,0
8263,"Wales","Low back pain",2021,14,"45-49 years",49,TRUE,1,"Male",7,"remission",0,0,0
8263,"Wales","Low back pain",2021,14,"45-49 years",45,TRUE,2,"Female",5,"prevalence",0.16199331796,0.11642825825,0.21743932525
8263,"Wales","Low back pain",2021,14,"45-49 years",45,TRUE,2,"Female",6,"incidence",0.068132754967068,0.0478814303904662,0.09373726551
8263,"Wales","Low back pain",2021,14,"45-49 years",45,TRUE,2,"Female",15,"mortality",0,0,0
8263,"Wales","Low back pain",2021,14,"45-49 years",45,TRUE,2,"Female",7,"remission",0,0,0
8263,"Wales","Low back pain",2021,14,"45-49 years",46,TRUE,2,"Female",5,"prevalence",0.16199331796,0.11642825825,0.21743932525
8263,"Wales","Low back pain",2021,14,"45-49 years",46,TRUE,2,"Female",6,"incidence",0.068132754967068,0.0478814303904662,0.09373726551
8263,"Wales","Low back pain",2021,14,"45-49 years",46,TRUE,2,"Female",15,"mortality",0,0,0
8263,"Wales","Low back pain",2021,14,"45-49 years",46,TRUE,2,"Female",7,"remission",0,0,0
8263,"Wales","Low back pain",2021,14,"45-49 years",47,TRUE,2,"Female",5,"prevalence",0.16199331796,0.11642825825,0.21743932525
8263,"Wales","Low back pain",2021,14,"45-49 years",47,TRUE,2,"Female",6,"incidence",0.068132754967068,0.0478814303904662,0.09373726551
8263,"Wales","Low back pain",2021,14,"45-49 years",47,TRUE,2,"Female",15,"mortality",0,0,0
8263,"Wales","Low back pain",2021,14,"45-49 years",47,TRUE,2,"Female",7,"remission",0,0,0
8263,"Wales","Low back pain",2021,14,"45-49 years",48,TRUE,2,"Female",5,"prevalence",0.16199331796,0.11642825825,0.21743932525
8263,"Wales","Low back pain",2021,14,"45-49 years",48,TRUE,2,"Female",6,"incidence",0.068132754967068,0.0478814303904662,0.09373726551
8263,"Wales","Low back pain",2021,14,"45-49 years",48,TRUE,2,"Female",15,"mortality",0,0,0
8263,"Wales","Low back pain",2021,14,"45-49 years",48,TRUE,2,"Female",7,"remission",0,0,0
8263,"Wales","Low back pain",2021,14,"45-49 years",49,TRUE,2,"Female",5,"prevalence",0.16199331796,0.11642825825,0.21743932525
8263,"Wales","Low back pain",2021,14,"45-49 years",49,TRUE,2,"Female",6,"incidence",0.068132754967068,0.0478814303904662,0.09373726551
8263,"Wales","Low back pain",2021,14,"45-49 years",49,TRUE,2,"Female",15,"mortality",0,0,0
8263,"Wales","Low back pain",2021,14,"45-49 years",49,TRUE,2,"Female",7,"remission",0,0,0
8263,"Wales","Low back pain",2021,15,"50-54 years",50,TRUE,1,"Male",5,"prevalence",0.1412383983,0.0985045967,0.1939754755
8263,"Wales","Low back pain",2021,15,"50-54 years",50,TRUE,1,"Male",6,"incidence",0.05694181058,0.03848502536,0.0777571938503737
8263,"Wales","Low back pain",2021,15,"50-54 years",50,TRUE,1,"Male",15,"mortality",0,0,0
8263,"Wales","Low back pain",2021,15,"50-54 years",50,TRUE,1,"Male",7,"remission",0,0,0
8263,"Wales","Low back pain",2021,15,"50-54 years",51,TRUE,1,"Male",5,"prevalence",0.1412383983,0.0985045967,0.1939754755
8263,"Wales","Low back pain",2021,15,"50-54 years",51,TRUE,1,"Male",6,"incidence",0.05694181058,0.03848502536,0.0777571938503737
8263,"Wales","Low back pain",2021,15,"50-54 years",51,TRUE,1,"Male",15,"mortality",0,0,0
8263,"Wales","Low back pain",2021,15,"50-54 years",51,TRUE,1,"Male",7,"remission",0,0,0
8263,"Wales","Low back pain",2021,15,"50-54 years",52,TRUE,1,"Male",5,"prevalence",0.1412383983,0.0985045967,0.1939754755
8263,"Wales","Low back pain",2021,15,"50-54 years",52,TRUE,1,"Male",6,"incidence",0.05694181058,0.03848502536,0.0777571938503737
8263,"Wales","Low back pain",2021,15,"50-54 years",52,TRUE,1,"Male",15,"mortality",0,0,0
8263,"Wales","Low back pain",2021,15,"50-54 years",52,TRUE,1,"Male",7,"remission",0,0,0
8263,"Wales","Low back pain",2021,15,"50-54 years",53,TRUE,1,"Male",5,"prevalence",0.1412383983,0.0985045967,0.1939754755
8263,"Wales","Low back pain",2021,15,"50-54 years",53,TRUE,1,"Male",6,"incidence",0.05694181058,0.03848502536,0.0777571938503737
8263,"Wales","Low back pain",2021,15,"50-54 years",53,TRUE,1,"Male",15,"mortality",0,0,0
8263,"Wales","Low back pain",2021,15,"50-54 years",53,TRUE,1,"Male",7,"remission",0,0,0
8263,"Wales","Low back pain",2021,15,"50-54 years",54,TRUE,1,"Male",5,"prevalence",0.1412383983,0.0985045967,0.1939754755
8263,"Wales","Low back pain",2021,15,"50-54 years",54,TRUE,1,"Male",6,"incidence",0.05694181058,0.03848502536,0.0777571938503737
8263,"Wales","Low back pain",2021,15,"50-54 years",54,TRUE,1,"Male",15,"mortality",0,0,0
8263,"Wales","Low back pain",2021,15,"50-54 years",54,TRUE,1,"Male",7,"remission",0,0,0
8263,"Wales","Low back pain",2021,15,"50-54 years",50,TRUE,2,"Female",5,"prevalence",0.187757371,0.1329081135,0.2532666295
8263,"Wales","Low back pain",2021,15,"50-54 years",50,TRUE,2,"Female",6,"incidence",0.07810899125,0.05442402793,0.1046716043
8263,"Wales","Low back pain",2021,15,"50-54 years",50,TRUE,2,"Female",15,"mortality",0,0,0
8263,"Wales","Low back pain",2021,15,"50-54 years",50,TRUE,2,"Female",7,"remission",0,0,0
8263,"Wales","Low back pain",2021,15,"50-54 years",51,TRUE,2,"Female",5,"prevalence",0.187757371,0.1329081135,0.2532666295
8263,"Wales","Low back pain",2021,15,"50-54 years",51,TRUE,2,"Female",6,"incidence",0.07810899125,0.05442402793,0.1046716043
8263,"Wales","Low back pain",2021,15,"50-54 years",51,TRUE,2,"Female",15,"mortality",0,0,0
8263,"Wales","Low back pain",2021,15,"50-54 years",51,TRUE,2,"Female",7,"remission",0,0,0
8263,"Wales","Low back pain",2021,15,"50-54 years",52,TRUE,2,"Female",5,"prevalence",0.187757371,0.1329081135,0.2532666295
8263,"Wales","Low back pain",2021,15,"50-54 years",52,TRUE,2,"Female",6,"incidence",0.07810899125,0.05442402793,0.1046716043
8263,"Wales","Low back pain",2021,15,"50-54 years",52,TRUE,2,"Female",15,"mortality",0,0,0
8263,"Wales","Low back pain",2021,15,"50-54 years",52,TRUE,2,"Female",7,"remission",0,0,0
8263,"Wales","Low back pain",2021,15,"50-54 years",53,TRUE,2,"Female",5,"prevalence",0.187757371,0.1329081135,0.2532666295
8263,"Wales","Low back pain",2021,15,"50-54 years",53,TRUE,2,"Female",6,"incidence",0.07810899125,0.05442402793,0.1046716043
8263,"Wales","Low back pain",2021,15,"50-54 years",53,TRUE,2,"Female",15,"mortality",0,0,0
8263,"Wales","Low back pain",2021,15,"50-54 years",53,TRUE,2,"Female",7,"remission",0,0,0
8263,"Wales","Low back pain",2021,15,"50-54 years",54,TRUE,2,"Female",5,"prevalence",0.187757371,0.1329081135,0.2532666295
8263,"Wales","Low back pain",2021,15,"50-54 years",54,TRUE,2,"Female",6,"incidence",0.07810899125,0.05442402793,0.1046716043
8263,"Wales","Low back pain",2021,15,"50-54 years",54,TRUE,2,"Female",15,"mortality",0,0,0
8263,"Wales","Low back pain",2021,15,"50-54 years",54,TRUE,2,"Female",7,"remission",0,0,0
8263,"Wales","Low back pain",2021,16,"55-59 years",55,TRUE,1,"Male",5,"prevalence",0.1530646087,0.1085959795,0.20942042475
8263,"Wales","Low back pain",2021,16,"55-59 years",55,TRUE,1,"Male",6,"incidence",0.06130289733,0.0419573469732937,0.08410644203
8263,"Wales","Low back pain",2021,16,"55-59 years",55,TRUE,1,"Male",15,"mortality",0,0,0
8263,"Wales","Low back pain",2021,16,"55-59 years",55,TRUE,1,"Male",7,"remission",0,0,0
8263,"Wales","Low back pain",2021,16,"55-59 years",56,TRUE,1,"Male",5,"prevalence",0.1530646087,0.1085959795,0.20942042475
8263,"Wales","Low back pain",2021,16,"55-59 years",56,TRUE,1,"Male",6,"incidence",0.06130289733,0.0419573469732937,0.08410644203
8263,"Wales","Low back pain",2021,16,"55-59 years",56,TRUE,1,"Male",15,"mortality",0,0,0
8263,"Wales","Low back pain",2021,16,"55-59 years",56,TRUE,1,"Male",7,"remission",0,0,0
8263,"Wales","Low back pain",2021,16,"55-59 years",57,TRUE,1,"Male",5,"prevalence",0.1530646087,0.1085959795,0.20942042475
8263,"Wales","Low back pain",2021,16,"55-59 years",57,TRUE,1,"Male",6,"incidence",0.06130289733,0.0419573469732937,0.08410644203
8263,"Wales","Low back pain",2021,16,"55-59 years",57,TRUE,1,"Male",15,"mortality",0,0,0
8263,"Wales","Low back pain",2021,16,"55-59 years",57,TRUE,1,"Male",7,"remission",0,0,0
8263,"Wales","Low back pain",2021,16,"55-59 years",58,TRUE,1,"Male",5,"prevalence",0.1530646087,0.1085959795,0.20942042475
8263,"Wales","Low back pain",2021,16,"55-59 years",58,TRUE,1,"Male",6,"incidence",0.06130289733,0.0419573469732937,0.08410644203
8263,"Wales","Low back pain",2021,16,"55-59 years",58,TRUE,1,"Male",15,"mortality",0,0,0
8263,"Wales","Low back pain",2021,16,"55-59 years",58,TRUE,1,"Male",7,"remission",0,0,0
8263,"Wales","Low back pain",2021,16,"55-59 years",59,TRUE,1,"Male",5,"prevalence",0.1530646087,0.1085959795,0.20942042475
8263,"Wales","Low back pain",2021,16,"55-59 years",59,TRUE,1,"Male",6,"incidence",0.06130289733,0.0419573469732937,0.08410644203
8263,"Wales","Low back pain",2021,16,"55-59 years",59,TRUE,1,"Male",15,"mortality",0,0,0
8263,"Wales","Low back pain",2021,16,"55-59 years",59,TRUE,1,"Male",7,"remission",0,0,0
8263,"Wales","Low back pain",2021,16,"55-59 years",55,TRUE,2,"Female",5,"prevalence",0.2094724026,0.150233013,0.28190218425
8263,"Wales","Low back pain",2021,16,"55-59 years",55,TRUE,2,"Female",6,"incidence",0.0864383568972989,0.06039040784,0.118585362874387
8263,"Wales","Low back pain",2021,16,"55-59 years",55,TRUE,2,"Female",15,"mortality",0,0,0
8263,"Wales","Low back pain",2021,16,"55-59 years",55,TRUE,2,"Female",7,"remission",0,0,0
8263,"Wales","Low back pain",2021,16,"55-59 years",56,TRUE,2,"Female",5,"prevalence",0.2094724026,0.150233013,0.28190218425
8263,"Wales","Low back pain",2021,16,"55-59 years",56,TRUE,2,"Female",6,"incidence",0.0864383568972989,0.06039040784,0.118585362874387
8263,"Wales","Low back pain",2021,16,"55-59 years",56,TRUE,2,"Female",15,"mortality",0,0,0
8263,"Wales","Low back pain",2021,16,"55-59 years",56,TRUE,2,"Female",7,"remission",0,0,0
8263,"Wales","Low back pain",2021,16,"55-59 years",57,TRUE,2,"Female",5,"prevalence",0.2094724026,0.150233013,0.28190218425
8263,"Wales","Low back pain",2021,16,"55-59 years",57,TRUE,2,"Female",6,"incidence",0.0864383568972989,0.06039040784,0.118585362874387
8263,"Wales","Low back pain",2021,16,"55-59 years",57,TRUE,2,"Female",15,"mortality",0,0,0
8263,"Wales","Low back pain",2021,16,"55-59 years",57,TRUE,2,"Female",7,"remission",0,0,0
8263,"Wales","Low back pain",2021,16,"55-59 years",58,TRUE,2,"Female",5,"prevalence",0.2094724026,0.150233013,0.28190218425
8263,"Wales","Low back pain",2021,16,"55-59 years",58,TRUE,2,"Female",6,"incidence",0.0864383568972989,0.06039040784,0.118585362874387
8263,"Wales","Low back pain",2021,16,"55-59 years",58,TRUE,2,"Female",15,"mortality",0,0,0
8263,"Wales","Low back pain",2021,16,"55-59 years",58,TRUE,2,"Female",7,"remission",0,0,0
8263,"Wales","Low back pain",2021,16,"55-59 years",59,TRUE,2,"Female",5,"prevalence",0.2094724026,0.150233013,0.28190218425
8263,"Wales","Low back pain",2021,16,"55-59 years",59,TRUE,2,"Female",6,"incidence",0.0864383568972989,0.06039040784,0.118585362874387
8263,"Wales","Low back pain",2021,16,"55-59 years",59,TRUE,2,"Female",15,"mortality",0,0,0
8263,"Wales","Low back pain",2021,16,"55-59 years",59,TRUE,2,"Female",7,"remission",0,0,0
8263,"Wales","Low back pain",2021,17,"60-64 years",60,TRUE,1,"Male",5,"prevalence",0.165889242492,0.1176805438,0.2253724555
8263,"Wales","Low back pain",2021,17,"60-64 years",60,TRUE,1,"Male",6,"incidence",0.06742416443,0.04511584693,0.09090163787
8263,"Wales","Low back pain",2021,17,"60-64 years",60,TRUE,1,"Male",15,"mortality",0,0,0
8263,"Wales","Low back pain",2021,17,"60-64 years",60,TRUE,1,"Male",7,"remission",0,0,0
8263,"Wales","Low back pain",2021,17,"60-64 years",61,TRUE,1,"Male",5,"prevalence",0.165889242492,0.1176805438,0.2253724555
8263,"Wales","Low back pain",2021,17,"60-64 years",61,TRUE,1,"Male",6,"incidence",0.06742416443,0.04511584693,0.09090163787
8263,"Wales","Low back pain",2021,17,"60-64 years",61,TRUE,1,"Male",15,"mortality",0,0,0
8263,"Wales","Low back pain",2021,17,"60-64 years",61,TRUE,1,"Male",7,"remission",0,0,0
8263,"Wales","Low back pain",2021,17,"60-64 years",62,TRUE,1,"Male",5,"prevalence",0.165889242492,0.1176805438,0.2253724555
8263,"Wales","Low back pain",2021,17,"60-64 years",62,TRUE,1,"Male",6,"incidence",0.06742416443,0.04511584693,0.09090163787
8263,"Wales","Low back pain",2021,17,"60-64 years",62,TRUE,1,"Male",15,"mortality",0,0,0
8263,"Wales","Low back pain",2021,17,"60-64 years",62,TRUE,1,"Male",7,"remission",0,0,0
8263,"Wales","Low back pain",2021,17,"60-64 years",63,TRUE,1,"Male",5,"prevalence",0.165889242492,0.1176805438,0.2253724555
8263,"Wales","Low back pain",2021,17,"60-64 years",63,TRUE,1,"Male",6,"incidence",0.06742416443,0.04511584693,0.09090163787
8263,"Wales","Low back pain",2021,17,"60-64 years",63,TRUE,1,"Male",15,"mortality",0,0,0
8263,"Wales","Low back pain",2021,17,"60-64 years",63,TRUE,1,"Male",7,"remission",0,0,0
8263,"Wales","Low back pain",2021,17,"60-64 years",64,TRUE,1,"Male",5,"prevalence",0.165889242492,0.1176805438,0.2253724555
8263,"Wales","Low back pain",2021,17,"60-64 years",64,TRUE,1,"Male",6,"incidence",0.06742416443,0.04511584693,0.09090163787
8263,"Wales","Low back pain",2021,17,"60-64 years",64,TRUE,1,"Male",15,"mortality",0,0,0
8263,"Wales","Low back pain",2021,17,"60-64 years",64,TRUE,1,"Male",7,"remission",0,0,0
8263,"Wales","Low back pain",2021,17,"60-64 years",60,TRUE,2,"Female",5,"prevalence",0.2336478326,0.1662497075,0.315395256
8263,"Wales","Low back pain",2021,17,"60-64 years",60,TRUE,2,"Female",6,"incidence",0.09840276103,0.0662806262808412,0.133682633604275
8263,"Wales","Low back pain",2021,17,"60-64 years",60,TRUE,2,"Female",15,"mortality",0,0,0
8263,"Wales","Low back pain",2021,17,"60-64 years",60,TRUE,2,"Female",7,"remission",0,0,0
8263,"Wales","Low back pain",2021,17,"60-64 years",61,TRUE,2,"Female",5,"prevalence",0.2336478326,0.1662497075,0.315395256
8263,"Wales","Low back pain",2021,17,"60-64 years",61,TRUE,2,"Female",6,"incidence",0.09840276103,0.0662806262808412,0.133682633604275
8263,"Wales","Low back pain",2021,17,"60-64 years",61,TRUE,2,"Female",15,"mortality",0,0,0
8263,"Wales","Low back pain",2021,17,"60-64 years",61,TRUE,2,"Female",7,"remission",0,0,0
8263,"Wales","Low back pain",2021,17,"60-64 years",62,TRUE,2,"Female",5,"prevalence",0.2336478326,0.1662497075,0.315395256
8263,"Wales","Low back pain",2021,17,"60-64 years",62,TRUE,2,"Female",6,"incidence",0.09840276103,0.0662806262808412,0.133682633604275
8263,"Wales","Low back pain",2021,17,"60-64 years",62,TRUE,2,"Female",15,"mortality",0,0,0
8263,"Wales","Low back pain",2021,17,"60-64 years",62,TRUE,2,"Female",7,"remission",0,0,0
8263,"Wales","Low back pain",2021,17,"60-64 years",63,TRUE,2,"Female",5,"prevalence",0.2336478326,0.1662497075,0.315395256
8263,"Wales","Low back pain",2021,17,"60-64 years",63,TRUE,2,"Female",6,"incidence",0.09840276103,0.0662806262808412,0.133682633604275
8263,"Wales","Low back pain",2021,17,"60-64 years",63,TRUE,2,"Female",15,"mortality",0,0,0
8263,"Wales","Low back pain",2021,17,"60-64 years",63,TRUE,2,"Female",7,"remission",0,0,0
8263,"Wales","Low back pain",2021,17,"60-64 years",64,TRUE,2,"Female",5,"prevalence",0.2336478326,0.1662497075,0.315395256
8263,"Wales","Low back pain",2021,17,"60-64 years",64,TRUE,2,"Female",6,"incidence",0.09840276103,0.0662806262808412,0.133682633604275
8263,"Wales","Low back pain",2021,17,"60-64 years",64,TRUE,2,"Female",15,"mortality",0,0,0
8263,"Wales","Low back pain",2021,17,"60-64 years",64,TRUE,2,"Female",7,"remission",0,0,0
8263,"Wales","Low back pain",2021,18,"65-69 years",65,TRUE,1,"Male",5,"prevalence",0.18429645378,0.1340427163,0.24673037875
8263,"Wales","Low back pain",2021,18,"65-69 years",65,TRUE,1,"Male",6,"incidence",0.07388472451,0.05164589621,0.101383111686272
8263,"Wales","Low back pain",2021,18,"65-69 years",65,TRUE,1,"Male",15,"mortality",0,0,0
8263,"Wales","Low back pain",2021,18,"65-69 years",65,TRUE,1,"Male",7,"remission",0,0,0
8263,"Wales","Low back pain",2021,18,"65-69 years",66,TRUE,1,"Male",5,"prevalence",0.18429645378,0.1340427163,0.24673037875
8263,"Wales","Low back pain",2021,18,"65-69 years",66,TRUE,1,"Male",6,"incidence",0.07388472451,0.05164589621,0.101383111686272
8263,"Wales","Low back pain",2021,18,"65-69 years",66,TRUE,1,"Male",15,"mortality",0,0,0
8263,"Wales","Low back pain",2021,18,"65-69 years",66,TRUE,1,"Male",7,"remission",0,0,0
8263,"Wales","Low back pain",2021,18,"65-69 years",67,TRUE,1,"Male",5,"prevalence",0.18429645378,0.1340427163,0.24673037875
8263,"Wales","Low back pain",2021,18,"65-69 years",67,TRUE,1,"Male",6,"incidence",0.07388472451,0.05164589621,0.101383111686272
8263,"Wales","Low back pain",2021,18,"65-69 years",67,TRUE,1,"Male",15,"mortality",0,0,0
8263,"Wales","Low back pain",2021,18,"65-69 years",67,TRUE,1,"Male",7,"remission",0,0,0
8263,"Wales","Low back pain",2021,18,"65-69 years",68,TRUE,1,"Male",5,"prevalence",0.18429645378,0.1340427163,0.24673037875
8263,"Wales","Low back pain",2021,18,"65-69 years",68,TRUE,1,"Male",6,"incidence",0.07388472451,0.05164589621,0.101383111686272
8263,"Wales","Low back pain",2021,18,"65-69 years",68,TRUE,1,"Male",15,"mortality",0,0,0
8263,"Wales","Low back pain",2021,18,"65-69 years",68,TRUE,1,"Male",7,"remission",0,0,0
8263,"Wales","Low back pain",2021,18,"65-69 years",69,TRUE,1,"Male",5,"prevalence",0.18429645378,0.1340427163,0.24673037875
8263,"Wales","Low back pain",2021,18,"65-69 years",69,TRUE,1,"Male",6,"incidence",0.07388472451,0.05164589621,0.101383111686272
8263,"Wales","Low back pain",2021,18,"65-69 years",69,TRUE,1,"Male",15,"mortality",0,0,0
8263,"Wales","Low back pain",2021,18,"65-69 years",69,TRUE,1,"Male",7,"remission",0,0,0
8263,"Wales","Low back pain",2021,18,"65-69 years",65,TRUE,2,"Female",5,"prevalence",0.26924340916,0.1996775013,0.35730994375
8263,"Wales","Low back pain",2021,18,"65-69 years",65,TRUE,2,"Female",6,"incidence",0.112401922631427,0.07814202806,0.153403259301162
8263,"Wales","Low back pain",2021,18,"65-69 years",65,TRUE,2,"Female",15,"mortality",0,0,0
8263,"Wales","Low back pain",2021,18,"65-69 years",65,TRUE,2,"Female",7,"remission",0,0,0
8263,"Wales","Low back pain",2021,18,"65-69 years",66,TRUE,2,"Female",5,"prevalence",0.26924340916,0.1996775013,0.35730994375
8263,"Wales","Low back pain",2021,18,"65-69 years",66,TRUE,2,"Female",6,"incidence",0.112401922631427,0.07814202806,0.153403259301162
8263,"Wales","Low back pain",2021,18,"65-69 years",66,TRUE,2,"Female",15,"mortality",0,0,0
8263,"Wales","Low back pain",2021,18,"65-69 years",66,TRUE,2,"Female",7,"remission",0,0,0
8263,"Wales","Low back pain",2021,18,"65-69 years",67,TRUE,2,"Female",5,"prevalence",0.26924340916,0.1996775013,0.35730994375
8263,"Wales","Low back pain",2021,18,"65-69 years",67,TRUE,2,"Female",6,"incidence",0.112401922631427,0.07814202806,0.153403259301162
8263,"Wales","Low back pain",2021,18,"65-69 years",67,TRUE,2,"Female",15,"mortality",0,0,0
8263,"Wales","Low back pain",2021,18,"65-69 years",67,TRUE,2,"Female",7,"remission",0,0,0
8263,"Wales","Low back pain",2021,18,"65-69 years",68,TRUE,2,"Female",5,"prevalence",0.26924340916,0.1996775013,0.35730994375
8263,"Wales","Low back pain",2021,18,"65-69 years",68,TRUE,2,"Female",6,"incidence",0.112401922631427,0.07814202806,0.153403259301162
8263,"Wales","Low back pain",2021,18,"65-69 years",68,TRUE,2,"Female",15,"mortality",0,0,0
8263,"Wales","Low back pain",2021,18,"65-69 years",68,TRUE,2,"Female",7,"remission",0,0,0
8263,"Wales","Low back pain",2021,18,"65-69 years",69,TRUE,2,"Female",5,"prevalence",0.26924340916,0.1996775013,0.35730994375
8263,"Wales","Low back pain",2021,18,"65-69 years",69,TRUE,2,"Female",6,"incidence",0.112401922631427,0.07814202806,0.153403259301162
8263,"Wales","Low back pain",2021,18,"65-69 years",69,TRUE,2,"Female",15,"mortality",0,0,0
8263,"Wales","Low back pain",2021,18,"65-69 years",69,TRUE,2,"Female",7,"remission",0,0,0
8263,"Wales","Low back pain",2021,19,"70-74 years",70,TRUE,1,"Male",5,"prevalence",0.2026012284,0.1461470905,0.272594954
8263,"Wales","Low back pain",2021,19,"70-74 years",70,TRUE,1,"Male",6,"incidence",0.08274684359,0.05608757395,0.113630448726488
8263,"Wales","Low back pain",2021,19,"70-74 years",70,TRUE,1,"Male",15,"mortality",0,0,0
8263,"Wales","Low back pain",2021,19,"70-74 years",70,TRUE,1,"Male",7,"remission",0,0,0
8263,"Wales","Low back pain",2021,19,"70-74 years",71,TRUE,1,"Male",5,"prevalence",0.2026012284,0.1461470905,0.272594954
8263,"Wales","Low back pain",2021,19,"70-74 years",71,TRUE,1,"Male",6,"incidence",0.08274684359,0.05608757395,0.113630448726488
8263,"Wales","Low back pain",2021,19,"70-74 years",71,TRUE,1,"Male",15,"mortality",0,0,0
8263,"Wales","Low back pain",2021,19,"70-74 years",71,TRUE,1,"Male",7,"remission",0,0,0
8263,"Wales","Low back pain",2021,19,"70-74 years",72,TRUE,1,"Male",5,"prevalence",0.2026012284,0.1461470905,0.272594954
8263,"Wales","Low back pain",2021,19,"70-74 years",72,TRUE,1,"Male",6,"incidence",0.08274684359,0.05608757395,0.113630448726488
8263,"Wales","Low back pain",2021,19,"70-74 years",72,TRUE,1,"Male",15,"mortality",0,0,0
8263,"Wales","Low back pain",2021,19,"70-74 years",72,TRUE,1,"Male",7,"remission",0,0,0
8263,"Wales","Low back pain",2021,19,"70-74 years",73,TRUE,1,"Male",5,"prevalence",0.2026012284,0.1461470905,0.272594954
8263,"Wales","Low back pain",2021,19,"70-74 years",73,TRUE,1,"Male",6,"incidence",0.08274684359,0.05608757395,0.113630448726488
8263,"Wales","Low back pain",2021,19,"70-74 years",73,TRUE,1,"Male",15,"mortality",0,0,0
8263,"Wales","Low back pain",2021,19,"70-74 years",73,TRUE,1,"Male",7,"remission",0,0,0
8263,"Wales","Low back pain",2021,19,"70-74 years",74,TRUE,1,"Male",5,"prevalence",0.2026012284,0.1461470905,0.272594954
8263,"Wales","Low back pain",2021,19,"70-74 years",74,TRUE,1,"Male",6,"incidence",0.08274684359,0.05608757395,0.113630448726488
8263,"Wales","Low back pain",2021,19,"70-74 years",74,TRUE,1,"Male",15,"mortality",0,0,0
8263,"Wales","Low back pain",2021,19,"70-74 years",74,TRUE,1,"Male",7,"remission",0,0,0
8263,"Wales","Low back pain",2021,19,"70-74 years",70,TRUE,2,"Female",5,"prevalence",0.30634880598,0.219223828,0.40586298525
8263,"Wales","Low back pain",2021,19,"70-74 years",70,TRUE,2,"Female",6,"incidence",0.126974553928219,0.08902293543,0.175914264232587
8263,"Wales","Low back pain",2021,19,"70-74 years",70,TRUE,2,"Female",15,"mortality",0,0,0
8263,"Wales","Low back pain",2021,19,"70-74 years",70,TRUE,2,"Female",7,"remission",0,0,0
8263,"Wales","Low back pain",2021,19,"70-74 years",71,TRUE,2,"Female",5,"prevalence",0.30634880598,0.219223828,0.40586298525
8263,"Wales","Low back pain",2021,19,"70-74 years",71,TRUE,2,"Female",6,"incidence",0.126974553928219,0.08902293543,0.175914264232587
8263,"Wales","Low back pain",2021,19,"70-74 years",71,TRUE,2,"Female",15,"mortality",0,0,0
8263,"Wales","Low back pain",2021,19,"70-74 years",71,TRUE,2,"Female",7,"remission",0,0,0
8263,"Wales","Low back pain",2021,19,"70-74 years",72,TRUE,2,"Female",5,"prevalence",0.30634880598,0.219223828,0.40586298525
8263,"Wales","Low back pain",2021,19,"70-74 years",72,TRUE,2,"Female",6,"incidence",0.126974553928219,0.08902293543,0.175914264232587
8263,"Wales","Low back pain",2021,19,"70-74 years",72,TRUE,2,"Female",15,"mortality",0,0,0
8263,"Wales","Low back pain",2021,19,"70-74 years",72,TRUE,2,"Female",7,"remission",0,0,0
8263,"Wales","Low back pain",2021,19,"70-74 years",73,TRUE,2,"Female",5,"prevalence",0.30634880598,0.219223828,0.40586298525
8263,"Wales","Low back pain",2021,19,"70-74 years",73,TRUE,2,"Female",6,"incidence",0.126974553928219,0.08902293543,0.175914264232587
8263,"Wales","Low back pain",2021,19,"70-74 years",73,TRUE,2,"Female",15,"mortality",0,0,0
8263,"Wales","Low back pain",2021,19,"70-74 years",73,TRUE,2,"Female",7,"remission",0,0,0
8263,"Wales","Low back pain",2021,19,"70-74 years",74,TRUE,2,"Female",5,"prevalence",0.30634880598,0.219223828,0.40586298525
8263,"Wales","Low back pain",2021,19,"70-74 years",74,TRUE,2,"Female",6,"incidence",0.126974553928219,0.08902293543,0.175914264232587
8263,"Wales","Low back pain",2021,19,"70-74 years",74,TRUE,2,"Female",15,"mortality",0,0,0
8263,"Wales","Low back pain",2021,19,"70-74 years",74,TRUE,2,"Female",7,"remission",0,0,0
8263,"Wales","Low back pain",2021,20,"75-79 years",75,TRUE,1,"Male",5,"prevalence",0.21161268166,0.15554781475,0.2845274045
8263,"Wales","Low back pain",2021,20,"75-79 years",75,TRUE,1,"Male",6,"incidence",0.08048094324,0.05670288079,0.109169450272637
8263,"Wales","Low back pain",2021,20,"75-79 years",75,TRUE,1,"Male",15,"mortality",0,0,0
8263,"Wales","Low back pain",2021,20,"75-79 years",75,TRUE,1,"Male",7,"remission",0,0,0
8263,"Wales","Low back pain",2021,20,"75-79 years",76,TRUE,1,"Male",5,"prevalence",0.21161268166,0.15554781475,0.2845274045
8263,"Wales","Low back pain",2021,20,"75-79 years",76,TRUE,1,"Male",6,"incidence",0.08048094324,0.05670288079,0.109169450272637
8263,"Wales","Low back pain",2021,20,"75-79 years",76,TRUE,1,"Male",15,"mortality",0,0,0
8263,"Wales","Low back pain",2021,20,"75-79 years",76,TRUE,1,"Male",7,"remission",0,0,0
8263,"Wales","Low back pain",2021,20,"75-79 years",77,TRUE,1,"Male",5,"prevalence",0.21161268166,0.15554781475,0.2845274045
8263,"Wales","Low back pain",2021,20,"75-79 years",77,TRUE,1,"Male",6,"incidence",0.08048094324,0.05670288079,0.109169450272637
8263,"Wales","Low back pain",2021,20,"75-79 years",77,TRUE,1,"Male",15,"mortality",0,0,0
8263,"Wales","Low back pain",2021,20,"75-79 years",77,TRUE,1,"Male",7,"remission",0,0,0
8263,"Wales","Low back pain",2021,20,"75-79 years",78,TRUE,1,"Male",5,"prevalence",0.21161268166,0.15554781475,0.2845274045
8263,"Wales","Low back pain",2021,20,"75-79 years",78,TRUE,1,"Male",6,"incidence",0.08048094324,0.05670288079,0.109169450272637
8263,"Wales","Low back pain",2021,20,"75-79 years",78,TRUE,1,"Male",15,"mortality",0,0,0
8263,"Wales","Low back pain",2021,20,"75-79 years",78,TRUE,1,"Male",7,"remission",0,0,0
8263,"Wales","Low back pain",2021,20,"75-79 years",79,TRUE,1,"Male",5,"prevalence",0.21161268166,0.15554781475,0.2845274045
8263,"Wales","Low back pain",2021,20,"75-79 years",79,TRUE,1,"Male",6,"incidence",0.08048094324,0.05670288079,0.109169450272637
8263,"Wales","Low back pain",2021,20,"75-79 years",79,TRUE,1,"Male",15,"mortality",0,0,0
8263,"Wales","Low back pain",2021,20,"75-79 years",79,TRUE,1,"Male",7,"remission",0,0,0
8263,"Wales","Low back pain",2021,20,"75-79 years",75,TRUE,2,"Female",5,"prevalence",0.32271382526,0.2442318125,0.42859026575
8263,"Wales","Low back pain",2021,20,"75-79 years",75,TRUE,2,"Female",6,"incidence",0.122805500282854,0.0908513497688875,0.165715859191837
8263,"Wales","Low back pain",2021,20,"75-79 years",75,TRUE,2,"Female",15,"mortality",0,0,0
8263,"Wales","Low back pain",2021,20,"75-79 years",75,TRUE,2,"Female",7,"remission",0,0,0
8263,"Wales","Low back pain",2021,20,"75-79 years",76,TRUE,2,"Female",5,"prevalence",0.32271382526,0.2442318125,0.42859026575
8263,"Wales","Low back pain",2021,20,"75-79 years",76,TRUE,2,"Female",6,"incidence",0.122805500282854,0.0908513497688875,0.165715859191837
8263,"Wales","Low back pain",2021,20,"75-79 years",76,TRUE,2,"Female",15,"mortality",0,0,0
8263,"Wales","Low back pain",2021,20,"75-79 years",76,TRUE,2,"Female",7,"remission",0,0,0
8263,"Wales","Low back pain",2021,20,"75-79 years",77,TRUE,2,"Female",5,"prevalence",0.32271382526,0.2442318125,0.42859026575
8263,"Wales","Low back pain",2021,20,"75-79 years",77,TRUE,2,"Female",6,"incidence",0.122805500282854,0.0908513497688875,0.165715859191837
8263,"Wales","Low back pain",2021,20,"75-79 years",77,TRUE,2,"Female",15,"mortality",0,0,0
8263,"Wales","Low back pain",2021,20,"75-79 years",77,TRUE,2,"Female",7,"remission",0,0,0
8263,"Wales","Low back pain",2021,20,"75-79 years",78,TRUE,2,"Female",5,"prevalence",0.32271382526,0.2442318125,0.42859026575
8263,"Wales","Low back pain",2021,20,"75-79 years",78,TRUE,2,"Female",6,"incidence",0.122805500282854,0.0908513497688875,0.165715859191837
8263,"Wales","Low back pain",2021,20,"75-79 years",78,TRUE,2,"Female",15,"mortality",0,0,0
8263,"Wales","Low back pain",2021,20,"75-79 years",78,TRUE,2,"Female",7,"remission",0,0,0
8263,"Wales","Low back pain",2021,20,"75-79 years",79,TRUE,2,"Female",5,"prevalence",0.32271382526,0.2442318125,0.42859026575
8263,"Wales","Low back pain",2021,20,"75-79 years",79,TRUE,2,"Female",6,"incidence",0.122805500282854,0.0908513497688875,0.165715859191837
8263,"Wales","Low back pain",2021,20,"75-79 years",79,TRUE,2,"Female",15,"mortality",0,0,0
8263,"Wales","Low back pain",2021,20,"75-79 years",79,TRUE,2,"Female",7,"remission",0,0,0
8263,"Wales","Low back pain",2021,30,"80-84 years",80,TRUE,1,"Male",5,"prevalence",0.19349974558,0.141557709,0.25767992675
8263,"Wales","Low back pain",2021,30,"80-84 years",80,TRUE,1,"Male",6,"incidence",0.07390410911,0.04822624101,0.106046039341137
8263,"Wales","Low back pain",2021,30,"80-84 years",80,TRUE,1,"Male",15,"mortality",0,0,0
8263,"Wales","Low back pain",2021,30,"80-84 years",80,TRUE,1,"Male",7,"remission",0,0,0
8263,"Wales","Low back pain",2021,30,"80-84 years",81,TRUE,1,"Male",5,"prevalence",0.19349974558,0.141557709,0.25767992675
8263,"Wales","Low back pain",2021,30,"80-84 years",81,TRUE,1,"Male",6,"incidence",0.07390410911,0.04822624101,0.106046039341137
8263,"Wales","Low back pain",2021,30,"80-84 years",81,TRUE,1,"Male",15,"mortality",0,0,0
8263,"Wales","Low back pain",2021,30,"80-84 years",81,TRUE,1,"Male",7,"remission",0,0,0
8263,"Wales","Low back pain",2021,30,"80-84 years",82,TRUE,1,"Male",5,"prevalence",0.19349974558,0.141557709,0.25767992675
8263,"Wales","Low back pain",2021,30,"80-84 years",82,TRUE,1,"Male",6,"incidence",0.07390410911,0.04822624101,0.106046039341137
8263,"Wales","Low back pain",2021,30,"80-84 years",82,TRUE,1,"Male",15,"mortality",0,0,0
8263,"Wales","Low back pain",2021,30,"80-84 years",82,TRUE,1,"Male",7,"remission",0,0,0
8263,"Wales","Low back pain",2021,30,"80-84 years",83,TRUE,1,"Male",5,"prevalence",0.19349974558,0.141557709,0.25767992675
8263,"Wales","Low back pain",2021,30,"80-84 years",83,TRUE,1,"Male",6,"incidence",0.07390410911,0.04822624101,0.106046039341137
8263,"Wales","Low back pain",2021,30,"80-84 years",83,TRUE,1,"Male",15,"mortality",0,0,0
8263,"Wales","Low back pain",2021,30,"80-84 years",83,TRUE,1,"Male",7,"remission",0,0,0
8263,"Wales","Low back pain",2021,30,"80-84 years",84,TRUE,1,"Male",5,"prevalence",0.19349974558,0.141557709,0.25767992675
8263,"Wales","Low back pain",2021,30,"80-84 years",84,TRUE,1,"Male",6,"incidence",0.07390410911,0.04822624101,0.106046039341137
8263,"Wales","Low back pain",2021,30,"80-84 years",84,TRUE,1,"Male",15,"mortality",0,0,0
8263,"Wales","Low back pain",2021,30,"80-84 years",84,TRUE,1,"Male",7,"remission",0,0,0
8263,"Wales","Low back pain",2021,30,"80-84 years",80,TRUE,2,"Female",5,"prevalence",0.29615698674,0.22153570725,0.3872353743
8263,"Wales","Low back pain",2021,30,"80-84 years",80,TRUE,2,"Female",6,"incidence",0.109611286358084,0.0738537674956837,0.151669104395362
8263,"Wales","Low back pain",2021,30,"80-84 years",80,TRUE,2,"Female",15,"mortality",0,0,0
8263,"Wales","Low back pain",2021,30,"80-84 years",80,TRUE,2,"Female",7,"remission",0,0,0
8263,"Wales","Low back pain",2021,30,"80-84 years",81,TRUE,2,"Female",5,"prevalence",0.29615698674,0.22153570725,0.3872353743
8263,"Wales","Low back pain",2021,30,"80-84 years",81,TRUE,2,"Female",6,"incidence",0.109611286358084,0.0738537674956837,0.151669104395362
8263,"Wales","Low back pain",2021,30,"80-84 years",81,TRUE,2,"Female",15,"mortality",0,0,0
8263,"Wales","Low back pain",2021,30,"80-84 years",81,TRUE,2,"Female",7,"remission",0,0,0
8263,"Wales","Low back pain",2021,30,"80-84 years",82,TRUE,2,"Female",5,"prevalence",0.29615698674,0.22153570725,0.3872353743
8263,"Wales","Low back pain",2021,30,"80-84 years",82,TRUE,2,"Female",6,"incidence",0.109611286358084,0.0738537674956837,0.151669104395362
8263,"Wales","Low back pain",2021,30,"80-84 years",82,TRUE,2,"Female",15,"mortality",0,0,0
8263,"Wales","Low back pain",2021,30,"80-84 years",82,TRUE,2,"Female",7,"remission",0,0,0
8263,"Wales","Low back pain",2021,30,"80-84 years",83,TRUE,2,"Female",5,"prevalence",0.29615698674,0.22153570725,0.3872353743
8263,"Wales","Low back pain",2021,30,"80-84 years",83,TRUE,2,"Female",6,"incidence",0.109611286358084,0.0738537674956837,0.151669104395362
8263,"Wales","Low back pain",2021,30,"80-84 years",83,TRUE,2,"Female",15,"mortality",0,0,0
8263,"Wales","Low back pain",2021,30,"80-84 years",83,TRUE,2,"Female",7,"remission",0,0,0
8263,"Wales","Low back pain",2021,30,"80-84 years",84,TRUE,2,"Female",5,"prevalence",0.29615698674,0.22153570725,0.3872353743
8263,"Wales","Low back pain",2021,30,"80-84 years",84,TRUE,2,"Female",6,"incidence",0.109611286358084,0.0738537674956837,0.151669104395362
8263,"Wales","Low back pain",2021,30,"80-84 years",84,TRUE,2,"Female",15,"mortality",0,0,0
8263,"Wales","Low back pain",2021,30,"80-84 years",84,TRUE,2,"Female",7,"remission",0,0,0
8263,"Wales","Low back pain",2021,31,"85-89 years",85,TRUE,1,"Male",5,"prevalence",0.18826435956,0.13222212025,0.26752877125
8263,"Wales","Low back pain",2021,31,"85-89 years",85,TRUE,1,"Male",6,"incidence",0.0718987148611872,0.05145673589,0.0983778415728
8263,"Wales","Low back pain",2021,31,"85-89 years",85,TRUE,1,"Male",15,"mortality",0,0,0
8263,"Wales","Low back pain",2021,31,"85-89 years",85,TRUE,1,"Male",7,"remission",0,0,0
8263,"Wales","Low back pain",2021,31,"85-89 years",86,TRUE,1,"Male",5,"prevalence",0.18826435956,0.13222212025,0.26752877125
8263,"Wales","Low back pain",2021,31,"85-89 years",86,TRUE,1,"Male",6,"incidence",0.0718987148611872,0.05145673589,0.0983778415728
8263,"Wales","Low back pain",2021,31,"85-89 years",86,TRUE,1,"Male",15,"mortality",0,0,0
8263,"Wales","Low back pain",2021,31,"85-89 years",86,TRUE,1,"Male",7,"remission",0,0,0
8263,"Wales","Low back pain",2021,31,"85-89 years",87,TRUE,1,"Male",5,"prevalence",0.18826435956,0.13222212025,0.26752877125
8263,"Wales","Low back pain",2021,31,"85-89 years",87,TRUE,1,"Male",6,"incidence",0.0718987148611872,0.05145673589,0.0983778415728
8263,"Wales","Low back pain",2021,31,"85-89 years",87,TRUE,1,"Male",15,"mortality",0,0,0
8263,"Wales","Low back pain",2021,31,"85-89 years",87,TRUE,1,"Male",7,"remission",0,0,0
8263,"Wales","Low back pain",2021,31,"85-89 years",88,TRUE,1,"Male",5,"prevalence",0.18826435956,0.13222212025,0.26752877125
8263,"Wales","Low back pain",2021,31,"85-89 years",88,TRUE,1,"Male",6,"incidence",0.0718987148611872,0.05145673589,0.0983778415728
8263,"Wales","Low back pain",2021,31,"85-89 years",88,TRUE,1,"Male",15,"mortality",0,0,0
8263,"Wales","Low back pain",2021,31,"85-89 years",88,TRUE,1,"Male",7,"remission",0,0,0
8263,"Wales","Low back pain",2021,31,"85-89 years",89,TRUE,1,"Male",5,"prevalence",0.18826435956,0.13222212025,0.26752877125
8263,"Wales","Low back pain",2021,31,"85-89 years",89,TRUE,1,"Male",6,"incidence",0.0718987148611872,0.05145673589,0.0983778415728
8263,"Wales","Low back pain",2021,31,"85-89 years",89,TRUE,1,"Male",15,"mortality",0,0,0
8263,"Wales","Low back pain",2021,31,"85-89 years",89,TRUE,1,"Male",7,"remission",0,0,0
8263,"Wales","Low back pain",2021,31,"85-89 years",85,TRUE,2,"Female",5,"prevalence",0.27494026,0.200876573,0.3624783308
8263,"Wales","Low back pain",2021,31,"85-89 years",85,TRUE,2,"Female",6,"incidence",0.09913882091,0.07223086265,0.13238761545945
8263,"Wales","Low back pain",2021,31,"85-89 years",85,TRUE,2,"Female",15,"mortality",0,0,0
8263,"Wales","Low back pain",2021,31,"85-89 years",85,TRUE,2,"Female",7,"remission",0,0,0
8263,"Wales","Low back pain",2021,31,"85-89 years",86,TRUE,2,"Female",5,"prevalence",0.27494026,0.200876573,0.3624783308
8263,"Wales","Low back pain",2021,31,"85-89 years",86,TRUE,2,"Female",6,"incidence",0.09913882091,0.07223086265,0.13238761545945
8263,"Wales","Low back pain",2021,31,"85-89 years",86,TRUE,2,"Female",15,"mortality",0,0,0
8263,"Wales","Low back pain",2021,31,"85-89 years",86,TRUE,2,"Female",7,"remission",0,0,0
8263,"Wales","Low back pain",2021,31,"85-89 years",87,TRUE,2,"Female",5,"prevalence",0.27494026,0.200876573,0.3624783308
8263,"Wales","Low back pain",2021,31,"85-89 years",87,TRUE,2,"Female",6,"incidence",0.09913882091,0.07223086265,0.13238761545945
8263,"Wales","Low back pain",2021,31,"85-89 years",87,TRUE,2,"Female",15,"mortality",0,0,0
8263,"Wales","Low back pain",2021,31,"85-89 years",87,TRUE,2,"Female",7,"remission",0,0,0
8263,"Wales","Low back pain",2021,31,"85-89 years",88,TRUE,2,"Female",5,"prevalence",0.27494026,0.200876573,0.3624783308
8263,"Wales","Low back pain",2021,31,"85-89 years",88,TRUE,2,"Female",6,"incidence",0.09913882091,0.07223086265,0.13238761545945
8263,"Wales","Low back pain",2021,31,"85-89 years",88,TRUE,2,"Female",15,"mortality",0,0,0
8263,"Wales","Low back pain",2021,31,"85-89 years",88,TRUE,2,"Female",7,"remission",0,0,0
8263,"Wales","Low back pain",2021,31,"85-89 years",89,TRUE,2,"Female",5,"prevalence",0.27494026,0.200876573,0.3624783308
8263,"Wales","Low back pain",2021,31,"85-89 years",89,TRUE,2,"Female",6,"incidence",0.09913882091,0.07223086265,0.13238761545945
8263,"Wales","Low back pain",2021,31,"85-89 years",89,TRUE,2,"Female",15,"mortality",0,0,0
8263,"Wales","Low back pain",2021,31,"85-89 years",89,TRUE,2,"Female",7,"remission",0,0,0
8263,"Wales","Low back pain",2021,32,"90-94 years",90,TRUE,1,"Male",5,"prevalence",0.17920193102,0.12899613675,0.23808004775
8263,"Wales","Low back pain",2021,32,"90-94 years",90,TRUE,1,"Male",6,"incidence",0.06584041215,0.04388782054,0.08783136736
8263,"Wales","Low back pain",2021,32,"90-94 years",90,TRUE,1,"Male",15,"mortality",0,0,0
8263,"Wales","Low back pain",2021,32,"90-94 years",90,TRUE,1,"Male",7,"remission",0,0,0
8263,"Wales","Low back pain",2021,32,"90-94 years",91,TRUE,1,"Male",5,"prevalence",0.17920193102,0.12899613675,0.23808004775
8263,"Wales","Low back pain",2021,32,"90-94 years",91,TRUE,1,"Male",6,"incidence",0.06584041215,0.04388782054,0.08783136736
8263,"Wales","Low back pain",2021,32,"90-94 years",91,TRUE,1,"Male",15,"mortality",0,0,0
8263,"Wales","Low back pain",2021,32,"90-94 years",91,TRUE,1,"Male",7,"remission",0,0,0
8263,"Wales","Low back pain",2021,32,"90-94 years",92,TRUE,1,"Male",5,"prevalence",0.17920193102,0.12899613675,0.23808004775
8263,"Wales","Low back pain",2021,32,"90-94 years",92,TRUE,1,"Male",6,"incidence",0.06584041215,0.04388782054,0.08783136736
8263,"Wales","Low back pain",2021,32,"90-94 years",92,TRUE,1,"Male",15,"mortality",0,0,0
8263,"Wales","Low back pain",2021,32,"90-94 years",92,TRUE,1,"Male",7,"remission",0,0,0
8263,"Wales","Low back pain",2021,32,"90-94 years",93,TRUE,1,"Male",5,"prevalence",0.17920193102,0.12899613675,0.23808004775
8263,"Wales","Low back pain",2021,32,"90-94 years",93,TRUE,1,"Male",6,"incidence",0.06584041215,0.04388782054,0.08783136736
8263,"Wales","Low back pain",2021,32,"90-94 years",93,TRUE,1,"Male",15,"mortality",0,0,0
8263,"Wales","Low back pain",2021,32,"90-94 years",93,TRUE,1,"Male",7,"remission",0,0,0
8263,"Wales","Low back pain",2021,32,"90-94 years",94,TRUE,1,"Male",5,"prevalence",0.17920193102,0.12899613675,0.23808004775
8263,"Wales","Low back pain",2021,32,"90-94 years",94,TRUE,1,"Male",6,"incidence",0.06584041215,0.04388782054,0.08783136736
8263,"Wales","Low back pain",2021,32,"90-94 years",94,TRUE,1,"Male",15,"mortality",0,0,0
8263,"Wales","Low back pain",2021,32,"90-94 years",94,TRUE,1,"Male",7,"remission",0,0,0
8263,"Wales","Low back pain",2021,32,"90-94 years",90,TRUE,2,"Female",5,"prevalence",0.2496421163,0.1836492028,0.325833664
8263,"Wales","Low back pain",2021,32,"90-94 years",90,TRUE,2,"Female",6,"incidence",0.08787112254,0.06064708553,0.118618885265262
8263,"Wales","Low back pain",2021,32,"90-94 years",90,TRUE,2,"Female",15,"mortality",0,0,0
8263,"Wales","Low back pain",2021,32,"90-94 years",90,TRUE,2,"Female",7,"remission",0,0,0
8263,"Wales","Low back pain",2021,32,"90-94 years",91,TRUE,2,"Female",5,"prevalence",0.2496421163,0.1836492028,0.325833664
8263,"Wales","Low back pain",2021,32,"90-94 years",91,TRUE,2,"Female",6,"incidence",0.08787112254,0.06064708553,0.118618885265262
8263,"Wales","Low back pain",2021,32,"90-94 years",91,TRUE,2,"Female",15,"mortality",0,0,0
8263,"Wales","Low back pain",2021,32,"90-94 years",91,TRUE,2,"Female",7,"remission",0,0,0
8263,"Wales","Low back pain",2021,32,"90-94 years",92,TRUE,2,"Female",5,"prevalence",0.2496421163,0.1836492028,0.325833664
8263,"Wales","Low back pain",2021,32,"90-94 years",92,TRUE,2,"Female",6,"incidence",0.08787112254,0.06064708553,0.118618885265262
8263,"Wales","Low back pain",2021,32,"90-94 years",92,TRUE,2,"Female",15,"mortality",0,0,0
8263,"Wales","Low back pain",2021,32,"90-94 years",92,TRUE,2,"Female",7,"remission",0,0,0
8263,"Wales","Low back pain",2021,32,"90-94 years",93,TRUE,2,"Female",5,"prevalence",0.2496421163,0.1836492028,0.325833664
8263,"Wales","Low back pain",2021,32,"90-94 years",93,TRUE,2,"Female",6,"incidence",0.08787112254,0.06064708553,0.118618885265262
8263,"Wales","Low back pain",2021,32,"90-94 years",93,TRUE,2,"Female",15,"mortality",0,0,0
8263,"Wales","Low back pain",2021,32,"90-94 years",93,TRUE,2,"Female",7,"remission",0,0,0
8263,"Wales","Low back pain",2021,32,"90-94 years",94,TRUE,2,"Female",5,"prevalence",0.2496421163,0.1836492028,0.325833664
8263,"Wales","Low back pain",2021,32,"90-94 years",94,TRUE,2,"Female",6,"incidence",0.08787112254,0.06064708553,0.118618885265262
8263,"Wales","Low back pain",2021,32,"90-94 years",94,TRUE,2,"Female",15,"mortality",0,0,0
8263,"Wales","Low back pain",2021,32,"90-94 years",94,TRUE,2,"Female",7,"remission",0,0,0
8263,"Wales","Low back pain",2021,235,"95+ years",95,TRUE,1,"Male",5,"prevalence",0.1628740973,0.1144273683,0.2260744335
8263,"Wales","Low back pain",2021,235,"95+ years",95,TRUE,1,"Male",6,"incidence",0.05829172732,0.03596003445,0.08652801906
8263,"Wales","Low back pain",2021,235,"95+ years",95,TRUE,1,"Male",15,"mortality",0,0,0
8263,"Wales","Low back pain",2021,235,"95+ years",95,TRUE,1,"Male",7,"remission",0,0,0
8263,"Wales","Low back pain",2021,235,"95+ years",96,TRUE,1,"Male",5,"prevalence",0.1628740973,0.1144273683,0.2260744335
8263,"Wales","Low back pain",2021,235,"95+ years",96,TRUE,1,"Male",6,"incidence",0.05829172732,0.03596003445,0.08652801906
8263,"Wales","Low back pain",2021,235,"95+ years",96,TRUE,1,"Male",15,"mortality",0,0,0
8263,"Wales","Low back pain",2021,235,"95+ years",96,TRUE,1,"Male",7,"remission",0,0,0
8263,"Wales","Low back pain",2021,235,"95+ years",97,TRUE,1,"Male",5,"prevalence",0.1628740973,0.1144273683,0.2260744335
8263,"Wales","Low back pain",2021,235,"95+ years",97,TRUE,1,"Male",6,"incidence",0.05829172732,0.03596003445,0.08652801906
8263,"Wales","Low back pain",2021,235,"95+ years",97,TRUE,1,"Male",15,"mortality",0,0,0
8263,"Wales","Low back pain",2021,235,"95+ years",97,TRUE,1,"Male",7,"remission",0,0,0
8263,"Wales","Low back pain",2021,235,"95+ years",98,TRUE,1,"Male",5,"prevalence",0.1628740973,0.1144273683,0.2260744335
8263,"Wales","Low back pain",2021,235,"95+ years",98,TRUE,1,"Male",6,"incidence",0.05829172732,0.03596003445,0.08652801906
8263,"Wales","Low back pain",2021,235,"95+ years",98,TRUE,1,"Male",15,"mortality",0,0,0
8263,"Wales","Low back pain",2021,235,"95+ years",98,TRUE,1,"Male",7,"remission",0,0,0
8263,"Wales","Low back pain",2021,235,"95+ years",99,TRUE,1,"Male",5,"prevalence",0.1628740973,0.1144273683,0.2260744335
8263,"Wales","Low back pain",2021,235,"95+ years",99,TRUE,1,"Male",6,"incidence",0.05829172732,0.03596003445,0.08652801906
8263,"Wales","Low back pain",2021,235,"95+ years",99,TRUE,1,"Male",15,"mortality",0,0,0
8263,"Wales","Low back pain",2021,235,"95+ years",99,TRUE,1,"Male",7,"remission",0,0,0
8263,"Wales","Low back pain",2021,235,"95+ years",100,TRUE,1,"Male",5,"prevalence",0.1628740973,0.1144273683,0.2260744335
8263,"Wales","Low back pain",2021,235,"95+ years",100,TRUE,1,"Male",6,"incidence",0.05829172732,0.03596003445,0.08652801906
8263,"Wales","Low back pain",2021,235,"95+ years",100,TRUE,1,"Male",15,"mortality",0,0,0
8263,"Wales","Low back pain",2021,235,"95+ years",100,TRUE,1,"Male",7,"remission",0,0,0
8263,"Wales","Low back pain",2021,235,"95+ years",101,TRUE,1,"Male",5,"prevalence",0.1628740973,0.1144273683,0.2260744335
8263,"Wales","Low back pain",2021,235,"95+ years",101,TRUE,1,"Male",6,"incidence",0.05829172732,0.03596003445,0.08652801906
8263,"Wales","Low back pain",2021,235,"95+ years",101,TRUE,1,"Male",15,"mortality",0,0,0
8263,"Wales","Low back pain",2021,235,"95+ years",101,TRUE,1,"Male",7,"remission",0,0,0
8263,"Wales","Low back pain",2021,235,"95+ years",102,TRUE,1,"Male",5,"prevalence",0.1628740973,0.1144273683,0.2260744335
8263,"Wales","Low back pain",2021,235,"95+ years",102,TRUE,1,"Male",6,"incidence",0.05829172732,0.03596003445,0.08652801906
8263,"Wales","Low back pain",2021,235,"95+ years",102,TRUE,1,"Male",15,"mortality",0,0,0
8263,"Wales","Low back pain",2021,235,"95+ years",102,TRUE,1,"Male",7,"remission",0,0,0
8263,"Wales","Low back pain",2021,235,"95+ years",103,TRUE,1,"Male",5,"prevalence",0.1628740973,0.1144273683,0.2260744335
8263,"Wales","Low back pain",2021,235,"95+ years",103,TRUE,1,"Male",6,"incidence",0.05829172732,0.03596003445,0.08652801906
8263,"Wales","Low back pain",2021,235,"95+ years",103,TRUE,1,"Male",15,"mortality",0,0,0
8263,"Wales","Low back pain",2021,235,"95+ years",103,TRUE,1,"Male",7,"remission",0,0,0
8263,"Wales","Low back pain",2021,235,"95+ years",104,TRUE,1,"Male",5,"prevalence",0.1628740973,0.1144273683,0.2260744335
8263,"Wales","Low back pain",2021,235,"95+ years",104,TRUE,1,"Male",6,"incidence",0.05829172732,0.03596003445,0.08652801906
8263,"Wales","Low back pain",2021,235,"95+ years",104,TRUE,1,"Male",15,"mortality",0,0,0
8263,"Wales","Low back pain",2021,235,"95+ years",104,TRUE,1,"Male",7,"remission",0,0,0
8263,"Wales","Low back pain",2021,235,"95+ years",105,TRUE,1,"Male",5,"prevalence",0.1628740973,0.1144273683,0.2260744335
8263,"Wales","Low back pain",2021,235,"95+ years",105,TRUE,1,"Male",6,"incidence",0.05829172732,0.03596003445,0.08652801906
8263,"Wales","Low back pain",2021,235,"95+ years",105,TRUE,1,"Male",15,"mortality",0,0,0
8263,"Wales","Low back pain",2021,235,"95+ years",105,TRUE,1,"Male",7,"remission",0,0,0
8263,"Wales","Low back pain",2021,235,"95+ years",106,TRUE,1,"Male",5,"prevalence",0.1628740973,0.1144273683,0.2260744335
8263,"Wales","Low back pain",2021,235,"95+ years",106,TRUE,1,"Male",6,"incidence",0.05829172732,0.03596003445,0.08652801906
8263,"Wales","Low back pain",2021,235,"95+ years",106,TRUE,1,"Male",15,"mortality",0,0,0
8263,"Wales","Low back pain",2021,235,"95+ years",106,TRUE,1,"Male",7,"remission",0,0,0
8263,"Wales","Low back pain",2021,235,"95+ years",107,TRUE,1,"Male",5,"prevalence",0.1628740973,0.1144273683,0.2260744335
8263,"Wales","Low back pain",2021,235,"95+ years",107,TRUE,1,"Male",6,"incidence",0.05829172732,0.03596003445,0.08652801906
8263,"Wales","Low back pain",2021,235,"95+ years",107,TRUE,1,"Male",15,"mortality",0,0,0
8263,"Wales","Low back pain",2021,235,"95+ years",107,TRUE,1,"Male",7,"remission",0,0,0
8263,"Wales","Low back pain",2021,235,"95+ years",108,TRUE,1,"Male",5,"prevalence",0.1628740973,0.1144273683,0.2260744335
8263,"Wales","Low back pain",2021,235,"95+ years",108,TRUE,1,"Male",6,"incidence",0.05829172732,0.03596003445,0.08652801906
8263,"Wales","Low back pain",2021,235,"95+ years",108,TRUE,1,"Male",15,"mortality",0,0,0
8263,"Wales","Low back pain",2021,235,"95+ years",108,TRUE,1,"Male",7,"remission",0,0,0
8263,"Wales","Low back pain",2021,235,"95+ years",109,TRUE,1,"Male",5,"prevalence",0.1628740973,0.1144273683,0.2260744335
8263,"Wales","Low back pain",2021,235,"95+ years",109,TRUE,1,"Male",6,"incidence",0.05829172732,0.03596003445,0.08652801906
8263,"Wales","Low back pain",2021,235,"95+ years",109,TRUE,1,"Male",15,"mortality",0,0,0
8263,"Wales","Low back pain",2021,235,"95+ years",109,TRUE,1,"Male",7,"remission",0,0,0
8263,"Wales","Low back pain",2021,235,"95+ years",110,TRUE,1,"Male",5,"prevalence",0.1628740973,0.1144273683,0.2260744335
8263,"Wales","Low back pain",2021,235,"95+ years",110,TRUE,1,"Male",6,"incidence",0.05829172732,0.03596003445,0.08652801906
8263,"Wales","Low back pain",2021,235,"95+ years",110,TRUE,1,"Male",15,"mortality",0,0,0
8263,"Wales","Low back pain",2021,235,"95+ years",110,TRUE,1,"Male",7,"remission",0,0,0
8263,"Wales","Low back pain",2021,235,"95+ years",95,TRUE,2,"Female",5,"prevalence",0.22467483262,0.1565632425,0.30751192125
8263,"Wales","Low back pain",2021,235,"95+ years",95,TRUE,2,"Female",6,"incidence",0.0781209213616413,0.0486807852,0.113924480443207
8263,"Wales","Low back pain",2021,235,"95+ years",95,TRUE,2,"Female",15,"mortality",0,0,0
8263,"Wales","Low back pain",2021,235,"95+ years",95,TRUE,2,"Female",7,"remission",0,0,0
8263,"Wales","Low back pain",2021,235,"95+ years",96,TRUE,2,"Female",5,"prevalence",0.22467483262,0.1565632425,0.30751192125
8263,"Wales","Low back pain",2021,235,"95+ years",96,TRUE,2,"Female",6,"incidence",0.0781209213616413,0.0486807852,0.113924480443207
8263,"Wales","Low back pain",2021,235,"95+ years",96,TRUE,2,"Female",15,"mortality",0,0,0
8263,"Wales","Low back pain",2021,235,"95+ years",96,TRUE,2,"Female",7,"remission",0,0,0
8263,"Wales","Low back pain",2021,235,"95+ years",97,TRUE,2,"Female",5,"prevalence",0.22467483262,0.1565632425,0.30751192125
8263,"Wales","Low back pain",2021,235,"95+ years",97,TRUE,2,"Female",6,"incidence",0.0781209213616413,0.0486807852,0.113924480443207
8263,"Wales","Low back pain",2021,235,"95+ years",97,TRUE,2,"Female",15,"mortality",0,0,0
8263,"Wales","Low back pain",2021,235,"95+ years",97,TRUE,2,"Female",7,"remission",0,0,0
8263,"Wales","Low back pain",2021,235,"95+ years",98,TRUE,2,"Female",5,"prevalence",0.22467483262,0.1565632425,0.30751192125
8263,"Wales","Low back pain",2021,235,"95+ years",98,TRUE,2,"Female",6,"incidence",0.0781209213616413,0.0486807852,0.113924480443207
8263,"Wales","Low back pain",2021,235,"95+ years",98,TRUE,2,"Female",15,"mortality",0,0,0
8263,"Wales","Low back pain",2021,235,"95+ years",98,TRUE,2,"Female",7,"remission",0,0,0
8263,"Wales","Low back pain",2021,235,"95+ years",99,TRUE,2,"Female",5,"prevalence",0.22467483262,0.1565632425,0.30751192125
8263,"Wales","Low back pain",2021,235,"95+ years",99,TRUE,2,"Female",6,"incidence",0.0781209213616413,0.0486807852,0.113924480443207
8263,"Wales","Low back pain",2021,235,"95+ years",99,TRUE,2,"Female",15,"mortality",0,0,0
8263,"Wales","Low back pain",2021,235,"95+ years",99,TRUE,2,"Female",7,"remission",0,0,0
8263,"Wales","Low back pain",2021,235,"95+ years",100,TRUE,2,"Female",5,"prevalence",0.22467483262,0.1565632425,0.30751192125
8263,"Wales","Low back pain",2021,235,"95+ years",100,TRUE,2,"Female",6,"incidence",0.0781209213616413,0.0486807852,0.113924480443207
8263,"Wales","Low back pain",2021,235,"95+ years",100,TRUE,2,"Female",15,"mortality",0,0,0
8263,"Wales","Low back pain",2021,235,"95+ years",100,TRUE,2,"Female",7,"remission",0,0,0
8263,"Wales","Low back pain",2021,235,"95+ years",101,TRUE,2,"Female",5,"prevalence",0.22467483262,0.1565632425,0.30751192125
8263,"Wales","Low back pain",2021,235,"95+ years",101,TRUE,2,"Female",6,"incidence",0.0781209213616413,0.0486807852,0.113924480443207
8263,"Wales","Low back pain",2021,235,"95+ years",101,TRUE,2,"Female",15,"mortality",0,0,0
8263,"Wales","Low back pain",2021,235,"95+ years",101,TRUE,2,"Female",7,"remission",0,0,0
8263,"Wales","Low back pain",2021,235,"95+ years",102,TRUE,2,"Female",5,"prevalence",0.22467483262,0.1565632425,0.30751192125
8263,"Wales","Low back pain",2021,235,"95+ years",102,TRUE,2,"Female",6,"incidence",0.0781209213616413,0.0486807852,0.113924480443207
8263,"Wales","Low back pain",2021,235,"95+ years",102,TRUE,2,"Female",15,"mortality",0,0,0
8263,"Wales","Low back pain",2021,235,"95+ years",102,TRUE,2,"Female",7,"remission",0,0,0
8263,"Wales","Low back pain",2021,235,"95+ years",103,TRUE,2,"Female",5,"prevalence",0.22467483262,0.1565632425,0.30751192125
8263,"Wales","Low back pain",2021,235,"95+ years",103,TRUE,2,"Female",6,"incidence",0.0781209213616413,0.0486807852,0.113924480443207
8263,"Wales","Low back pain",2021,235,"95+ years",103,TRUE,2,"Female",15,"mortality",0,0,0
8263,"Wales","Low back pain",2021,235,"95+ years",103,TRUE,2,"Female",7,"remission",0,0,0
8263,"Wales","Low back pain",2021,235,"95+ years",104,TRUE,2,"Female",5,"prevalence",0.22467483262,0.1565632425,0.30751192125
8263,"Wales","Low back pain",2021,235,"95+ years",104,TRUE,2,"Female",6,"incidence",0.0781209213616413,0.0486807852,0.113924480443207
8263,"Wales","Low back pain",2021,235,"95+ years",104,TRUE,2,"Female",15,"mortality",0,0,0
8263,"Wales","Low back pain",2021,235,"95+ years",104,TRUE,2,"Female",7,"remission",0,0,0
8263,"Wales","Low back pain",2021,235,"95+ years",105,TRUE,2,"Female",5,"prevalence",0.22467483262,0.1565632425,0.30751192125
8263,"Wales","Low back pain",2021,235,"95+ years",105,TRUE,2,"Female",6,"incidence",0.0781209213616413,0.0486807852,0.113924480443207
8263,"Wales","Low back pain",2021,235,"95+ years",105,TRUE,2,"Female",15,"mortality",0,0,0
8263,"Wales","Low back pain",2021,235,"95+ years",105,TRUE,2,"Female",7,"remission",0,0,0
8263,"Wales","Low back pain",2021,235,"95+ years",106,TRUE,2,"Female",5,"prevalence",0.22467483262,0.1565632425,0.30751192125
8263,"Wales","Low back pain",2021,235,"95+ years",106,TRUE,2,"Female",6,"incidence",0.0781209213616413,0.0486807852,0.113924480443207
8263,"Wales","Low back pain",2021,235,"95+ years",106,TRUE,2,"Female",15,"mortality",0,0,0
8263,"Wales","Low back pain",2021,235,"95+ years",106,TRUE,2,"Female",7,"remission",0,0,0
8263,"Wales","Low back pain",2021,235,"95+ years",107,TRUE,2,"Female",5,"prevalence",0.22467483262,0.1565632425,0.30751192125
8263,"Wales","Low back pain",2021,235,"95+ years",107,TRUE,2,"Female",6,"incidence",0.0781209213616413,0.0486807852,0.113924480443207
8263,"Wales","Low back pain",2021,235,"95+ years",107,TRUE,2,"Female",15,"mortality",0,0,0
8263,"Wales","Low back pain",2021,235,"95+ years",107,TRUE,2,"Female",7,"remission",0,0,0
8263,"Wales","Low back pain",2021,235,"95+ years",108,TRUE,2,"Female",5,"prevalence",0.22467483262,0.1565632425,0.30751192125
8263,"Wales","Low back pain",2021,235,"95+ years",108,TRUE,2,"Female",6,"incidence",0.0781209213616413,0.0486807852,0.113924480443207
8263,"Wales","Low back pain",2021,235,"95+ years",108,TRUE,2,"Female",15,"mortality",0,0,0
8263,"Wales","Low back pain",2021,235,"95+ years",108,TRUE,2,"Female",7,"remission",0,0,0
8263,"Wales","Low back pain",2021,235,"95+ years",109,TRUE,2,"Female",5,"prevalence",0.22467483262,0.1565632425,0.30751192125
8263,"Wales","Low back pain",2021,235,"95+ years",109,TRUE,2,"Female",6,"incidence",0.0781209213616413,0.0486807852,0.113924480443207
8263,"Wales","Low back pain",2021,235,"95+ years",109,TRUE,2,"Female",15,"mortality",0,0,0
8263,"Wales","Low back pain",2021,235,"95+ years",109,TRUE,2,"Female",7,"remission",0,0,0
8263,"Wales","Low back pain",2021,235,"95+ years",110,TRUE,2,"Female",5,"prevalence",0.22467483262,0.1565632425,0.30751192125
8263,"Wales","Low back pain",2021,235,"95+ years",110,TRUE,2,"Female",6,"incidence",0.0781209213616413,0.0486807852,0.113924480443207
8263,"Wales","Low back pain",2021,235,"95+ years",110,TRUE,2,"Female",15,"mortality",0,0,0
8263,"Wales","Low back pain",2021,235,"95+ years",110,TRUE,2,"Female",7,"remission",0,0,0
8263,"Wales","Low back pain",2021,5,"1 to 4",0,TRUE,1,"Male",5,"prevalence",0,0,0
8263,"Wales","Low back pain",2021,5,"1 to 4",0,TRUE,1,"Male",6,"incidence",0,0,0
8263,"Wales","Low back pain",2021,5,"1 to 4",0,TRUE,1,"Male",15,"mortality",0,0,0
8263,"Wales","Low back pain",2021,5,"1 to 4",0,TRUE,1,"Male",7,"remission",0,0,0
8263,"Wales","Low back pain",2021,5,"1 to 4",0,TRUE,2,"Female",5,"prevalence",0,0,0
8263,"Wales","Low back pain",2021,5,"1 to 4",0,TRUE,2,"Female",6,"incidence",0,0,0
8263,"Wales","Low back pain",2021,5,"1 to 4",0,TRUE,2,"Female",15,"mortality",0,0,0
8263,"Wales","Low back pain",2021,5,"1 to 4",0,TRUE,2,"Female",7,"remission",0,0,0
8263,"Wales","Low back pain",2021,5,"1 to 4",2,TRUE,1,"Male",5,"prevalence",0,0,0
8263,"Wales","Low back pain",2021,5,"1 to 4",2,TRUE,1,"Male",6,"incidence",0,0,0
8263,"Wales","Low back pain",2021,5,"1 to 4",2,TRUE,1,"Male",15,"mortality",0,0,0
8263,"Wales","Low back pain",2021,5,"1 to 4",2,TRUE,1,"Male",7,"remission",0,0,0
8263,"Wales","Low back pain",2021,5,"1 to 4",3,TRUE,1,"Male",5,"prevalence",0,0,0
8263,"Wales","Low back pain",2021,5,"1 to 4",3,TRUE,1,"Male",6,"incidence",0,0,0
8263,"Wales","Low back pain",2021,5,"1 to 4",3,TRUE,1,"Male",15,"mortality",0,0,0
8263,"Wales","Low back pain",2021,5,"1 to 4",3,TRUE,1,"Male",7,"remission",0,0,0
8263,"Wales","Low back pain",2021,5,"1 to 4",4,TRUE,1,"Male",5,"prevalence",0,0,0
8263,"Wales","Low back pain",2021,5,"1 to 4",4,TRUE,1,"Male",6,"incidence",0,0,0
8263,"Wales","Low back pain",2021,5,"1 to 4",4,TRUE,1,"Male",15,"mortality",0,0,0
8263,"Wales","Low back pain",2021,5,"1 to 4",4,TRUE,1,"Male",7,"remission",0,0,0
8263,"Wales","Low back pain",2021,5,"1 to 4",2,TRUE,2,"Female",5,"prevalence",0,0,0
8263,"Wales","Low back pain",2021,5,"1 to 4",2,TRUE,2,"Female",6,"incidence",0,0,0
8263,"Wales","Low back pain",2021,5,"1 to 4",2,TRUE,2,"Female",15,"mortality",0,0,0
8263,"Wales","Low back pain",2021,5,"1 to 4",2,TRUE,2,"Female",7,"remission",0,0,0
8263,"Wales","Low back pain",2021,5,"1 to 4",3,TRUE,2,"Female",5,"prevalence",0,0,0
8263,"Wales","Low back pain",2021,5,"1 to 4",3,TRUE,2,"Female",6,"incidence",0,0,0
8263,"Wales","Low back pain",2021,5,"1 to 4",3,TRUE,2,"Female",15,"mortality",0,0,0
8263,"Wales","Low back pain",2021,5,"1 to 4",3,TRUE,2,"Female",7,"remission",0,0,0
8263,"Wales","Low back pain",2021,5,"1 to 4",4,TRUE,2,"Female",5,"prevalence",0,0,0
8263,"Wales","Low back pain",2021,5,"1 to 4",4,TRUE,2,"Female",6,"incidence",0,0,0
8263,"Wales","Low back pain",2021,5,"1 to 4",4,TRUE,2,"Female",15,"mortality",0,0,0
8263,"Wales","Low back pain",2021,5,"1 to 4",4,TRUE,2,"Female",7,"remission",0,0,0
8263,"Wales","Low back pain",2021,5,"1 to 4",1,TRUE,1,"Male",5,"prevalence",0,0,0
8263,"Wales","Low back pain",2021,5,"1 to 4",1,TRUE,1,"Male",6,"incidence",0,0,0
8263,"Wales","Low back pain",2021,5,"1 to 4",1,TRUE,1,"Male",15,"mortality",0,0,0
8263,"Wales","Low back pain",2021,5,"1 to 4",1,TRUE,1,"Male",7,"remission",0,0,0
8263,"Wales","Low back pain",2021,5,"1 to 4",1,TRUE,2,"Female",5,"prevalence",0,0,0
8263,"Wales","Low back pain",2021,5,"1 to 4",1,TRUE,2,"Female",6,"incidence",0,0,0
8263,"Wales","Low back pain",2021,5,"1 to 4",1,TRUE,2,"Female",15,"mortality",0,0,0
8263,"Wales","Low back pain",2021,5,"1 to 4",1,TRUE,2,"Female",7,"remission",0,0,0
